-- MariaDB dump 10.17  Distrib 10.4.12-MariaDB, for Linux (x86_64)
--
-- Host: localhost    Database: congreso
-- ------------------------------------------------------
-- Server version	10.4.12-MariaDB

/*!40101 SET @OLD_CHARACTER_SET_CLIENT=@@CHARACTER_SET_CLIENT */;
/*!40101 SET @OLD_CHARACTER_SET_RESULTS=@@CHARACTER_SET_RESULTS */;
/*!40101 SET @OLD_COLLATION_CONNECTION=@@COLLATION_CONNECTION */;
/*!40101 SET NAMES utf8mb4 */;
/*!40103 SET @OLD_TIME_ZONE=@@TIME_ZONE */;
/*!40103 SET TIME_ZONE='+00:00' */;
/*!40014 SET @OLD_UNIQUE_CHECKS=@@UNIQUE_CHECKS, UNIQUE_CHECKS=0 */;
/*!40014 SET @OLD_FOREIGN_KEY_CHECKS=@@FOREIGN_KEY_CHECKS, FOREIGN_KEY_CHECKS=0 */;
/*!40101 SET @OLD_SQL_MODE=@@SQL_MODE, SQL_MODE='NO_AUTO_VALUE_ON_ZERO' */;
/*!40111 SET @OLD_SQL_NOTES=@@SQL_NOTES, SQL_NOTES=0 */;

--
-- Table structure for table `auth_group`
--

DROP TABLE IF EXISTS `auth_group`;
/*!40101 SET @saved_cs_client     = @@character_set_client */;
/*!40101 SET character_set_client = utf8 */;
CREATE TABLE `auth_group` (
  `id` int(11) NOT NULL AUTO_INCREMENT,
  `name` varchar(150) COLLATE utf8mb4_unicode_ci NOT NULL,
  PRIMARY KEY (`id`),
  UNIQUE KEY `name` (`name`)
) ENGINE=InnoDB DEFAULT CHARSET=utf8mb4 COLLATE=utf8mb4_unicode_ci;
/*!40101 SET character_set_client = @saved_cs_client */;

--
-- Dumping data for table `auth_group`
--

LOCK TABLES `auth_group` WRITE;
/*!40000 ALTER TABLE `auth_group` DISABLE KEYS */;
/*!40000 ALTER TABLE `auth_group` ENABLE KEYS */;
UNLOCK TABLES;

--
-- Table structure for table `auth_group_permissions`
--

DROP TABLE IF EXISTS `auth_group_permissions`;
/*!40101 SET @saved_cs_client     = @@character_set_client */;
/*!40101 SET character_set_client = utf8 */;
CREATE TABLE `auth_group_permissions` (
  `id` int(11) NOT NULL AUTO_INCREMENT,
  `group_id` int(11) NOT NULL,
  `permission_id` int(11) NOT NULL,
  PRIMARY KEY (`id`),
  UNIQUE KEY `auth_group_permissions_group_id_permission_id_0cd325b0_uniq` (`group_id`,`permission_id`),
  KEY `auth_group_permissio_permission_id_84c5c92e_fk_auth_perm` (`permission_id`),
  CONSTRAINT `auth_group_permissio_permission_id_84c5c92e_fk_auth_perm` FOREIGN KEY (`permission_id`) REFERENCES `auth_permission` (`id`),
  CONSTRAINT `auth_group_permissions_group_id_b120cbf9_fk_auth_group_id` FOREIGN KEY (`group_id`) REFERENCES `auth_group` (`id`)
) ENGINE=InnoDB DEFAULT CHARSET=utf8mb4 COLLATE=utf8mb4_unicode_ci;
/*!40101 SET character_set_client = @saved_cs_client */;

--
-- Dumping data for table `auth_group_permissions`
--

LOCK TABLES `auth_group_permissions` WRITE;
/*!40000 ALTER TABLE `auth_group_permissions` DISABLE KEYS */;
/*!40000 ALTER TABLE `auth_group_permissions` ENABLE KEYS */;
UNLOCK TABLES;

--
-- Table structure for table `auth_permission`
--

DROP TABLE IF EXISTS `auth_permission`;
/*!40101 SET @saved_cs_client     = @@character_set_client */;
/*!40101 SET character_set_client = utf8 */;
CREATE TABLE `auth_permission` (
  `id` int(11) NOT NULL AUTO_INCREMENT,
  `name` varchar(255) COLLATE utf8mb4_unicode_ci NOT NULL,
  `content_type_id` int(11) NOT NULL,
  `codename` varchar(100) COLLATE utf8mb4_unicode_ci NOT NULL,
  PRIMARY KEY (`id`),
  UNIQUE KEY `auth_permission_content_type_id_codename_01ab375a_uniq` (`content_type_id`,`codename`),
  CONSTRAINT `auth_permission_content_type_id_2f476e4b_fk_django_co` FOREIGN KEY (`content_type_id`) REFERENCES `django_content_type` (`id`)
) ENGINE=InnoDB AUTO_INCREMENT=129 DEFAULT CHARSET=utf8mb4 COLLATE=utf8mb4_unicode_ci;
/*!40101 SET character_set_client = @saved_cs_client */;

--
-- Dumping data for table `auth_permission`
--

LOCK TABLES `auth_permission` WRITE;
/*!40000 ALTER TABLE `auth_permission` DISABLE KEYS */;
INSERT INTO `auth_permission` VALUES (1,'Can add Comisión',1,'add_comision'),(2,'Can change Comisión',1,'change_comision'),(3,'Can delete Comisión',1,'delete_comision'),(4,'Can view Comisión',1,'view_comision'),(5,'Can add diputado',2,'add_diputado'),(6,'Can change diputado',2,'change_diputado'),(7,'Can delete diputado',2,'delete_diputado'),(8,'Can view diputado',2,'view_diputado'),(9,'Can add diputado organo legislativo',3,'add_diputadoorganolegislativo'),(10,'Can change diputado organo legislativo',3,'change_diputadoorganolegislativo'),(11,'Can delete diputado organo legislativo',3,'delete_diputadoorganolegislativo'),(12,'Can view diputado organo legislativo',3,'view_diputadoorganolegislativo'),(13,'Can add documento',4,'add_documento'),(14,'Can change documento',4,'change_documento'),(15,'Can delete documento',4,'delete_documento'),(16,'Can view documento',4,'view_documento'),(17,'Can add legislatura',5,'add_legislatura'),(18,'Can change legislatura',5,'change_legislatura'),(19,'Can delete legislatura',5,'delete_legislatura'),(20,'Can view legislatura',5,'view_legislatura'),(21,'Can add partido politico',6,'add_partidopolitico'),(22,'Can change partido politico',6,'change_partidopolitico'),(23,'Can delete partido politico',6,'delete_partidopolitico'),(24,'Can view partido politico',6,'view_partidopolitico'),(25,'Can add sesion',7,'add_sesion'),(26,'Can change sesion',7,'change_sesion'),(27,'Can delete sesion',7,'delete_sesion'),(28,'Can view sesion',7,'view_sesion'),(29,'Can add tema',8,'add_tema'),(30,'Can change tema',8,'change_tema'),(31,'Can delete tema',8,'delete_tema'),(32,'Can view tema',8,'view_tema'),(33,'Can add votacion',9,'add_votacion'),(34,'Can change votacion',9,'change_votacion'),(35,'Can delete votacion',9,'delete_votacion'),(36,'Can view votacion',9,'view_votacion'),(37,'Can add diputado independiente',10,'add_diputadoindependiente'),(38,'Can change diputado independiente',10,'change_diputadoindependiente'),(39,'Can delete diputado independiente',10,'delete_diputadoindependiente'),(40,'Can view diputado independiente',10,'view_diputadoindependiente'),(41,'Can add Sesión de Pleno',11,'add_sesionpleno'),(42,'Can change Sesión de Pleno',11,'change_sesionpleno'),(43,'Can delete Sesión de Pleno',11,'delete_sesionpleno'),(44,'Can view Sesión de Pleno',11,'view_sesionpleno'),(45,'Can add votacion secreta',12,'add_votacionsecreta'),(46,'Can change votacion secreta',12,'change_votacionsecreta'),(47,'Can delete votacion secreta',12,'delete_votacionsecreta'),(48,'Can view votacion secreta',12,'view_votacionsecreta'),(49,'Can add voto diputado',13,'add_votodiputado'),(50,'Can change voto diputado',13,'change_votodiputado'),(51,'Can delete voto diputado',13,'delete_votodiputado'),(52,'Can view voto diputado',13,'view_votodiputado'),(53,'Can add redes sociales',14,'add_redessociales'),(54,'Can change redes sociales',14,'change_redessociales'),(55,'Can delete redes sociales',14,'delete_redessociales'),(56,'Can view redes sociales',14,'view_redessociales'),(57,'Can add organo legislativo',15,'add_organolegislativo'),(58,'Can change organo legislativo',15,'change_organolegislativo'),(59,'Can delete organo legislativo',15,'delete_organolegislativo'),(60,'Can view organo legislativo',15,'view_organolegislativo'),(61,'Can add licencia',16,'add_licencia'),(62,'Can change licencia',16,'change_licencia'),(63,'Can delete licencia',16,'delete_licencia'),(64,'Can view licencia',16,'view_licencia'),(65,'Can add distrito',17,'add_distrito'),(66,'Can change distrito',17,'change_distrito'),(67,'Can delete distrito',17,'delete_distrito'),(68,'Can view distrito',17,'view_distrito'),(69,'Can add diputado suplente',18,'add_diputadosuplente'),(70,'Can change diputado suplente',18,'change_diputadosuplente'),(71,'Can delete diputado suplente',18,'delete_diputadosuplente'),(72,'Can view diputado suplente',18,'view_diputadosuplente'),(73,'Can add cv',19,'add_cv'),(74,'Can change cv',19,'change_cv'),(75,'Can delete cv',19,'delete_cv'),(76,'Can view cv',19,'view_cv'),(77,'Can add comision diputado',20,'add_comisiondiputado'),(78,'Can change comision diputado',20,'change_comisiondiputado'),(79,'Can delete comision diputado',20,'delete_comisiondiputado'),(80,'Can view comision diputado',20,'view_comisiondiputado'),(81,'Can add casa gestion',21,'add_casagestion'),(82,'Can change casa gestion',21,'change_casagestion'),(83,'Can delete casa gestion',21,'delete_casagestion'),(84,'Can view casa gestion',21,'view_casagestion'),(85,'Can add asistencia',22,'add_asistencia'),(86,'Can change asistencia',22,'change_asistencia'),(87,'Can delete asistencia',22,'delete_asistencia'),(88,'Can view asistencia',22,'view_asistencia'),(89,'Can add sesion comision',23,'add_sesioncomision'),(90,'Can change sesion comision',23,'change_sesioncomision'),(91,'Can delete sesion comision',23,'delete_sesioncomision'),(92,'Can view sesion comision',23,'view_sesioncomision'),(93,'Can add documento sesion',24,'add_documentosesion'),(94,'Can change documento sesion',24,'change_documentosesion'),(95,'Can delete documento sesion',24,'delete_documentosesion'),(96,'Can view documento sesion',24,'view_documentosesion'),(97,'Can add documento diputado',25,'add_documentodiputado'),(98,'Can change documento diputado',25,'change_documentodiputado'),(99,'Can delete documento diputado',25,'delete_documentodiputado'),(100,'Can view documento diputado',25,'view_documentodiputado'),(101,'Can add documento comision',26,'add_documentocomision'),(102,'Can change documento comision',26,'change_documentocomision'),(103,'Can delete documento comision',26,'delete_documentocomision'),(104,'Can view documento comision',26,'view_documentocomision'),(105,'Can add log entry',27,'add_logentry'),(106,'Can change log entry',27,'change_logentry'),(107,'Can delete log entry',27,'delete_logentry'),(108,'Can view log entry',27,'view_logentry'),(109,'Can add permission',28,'add_permission'),(110,'Can change permission',28,'change_permission'),(111,'Can delete permission',28,'delete_permission'),(112,'Can view permission',28,'view_permission'),(113,'Can add group',29,'add_group'),(114,'Can change group',29,'change_group'),(115,'Can delete group',29,'delete_group'),(116,'Can view group',29,'view_group'),(117,'Can add user',30,'add_user'),(118,'Can change user',30,'change_user'),(119,'Can delete user',30,'delete_user'),(120,'Can view user',30,'view_user'),(121,'Can add content type',31,'add_contenttype'),(122,'Can change content type',31,'change_contenttype'),(123,'Can delete content type',31,'delete_contenttype'),(124,'Can view content type',31,'view_contenttype'),(125,'Can add session',32,'add_session'),(126,'Can change session',32,'change_session'),(127,'Can delete session',32,'delete_session'),(128,'Can view session',32,'view_session');
/*!40000 ALTER TABLE `auth_permission` ENABLE KEYS */;
UNLOCK TABLES;

--
-- Table structure for table `auth_user`
--

DROP TABLE IF EXISTS `auth_user`;
/*!40101 SET @saved_cs_client     = @@character_set_client */;
/*!40101 SET character_set_client = utf8 */;
CREATE TABLE `auth_user` (
  `id` int(11) NOT NULL AUTO_INCREMENT,
  `password` varchar(128) COLLATE utf8mb4_unicode_ci NOT NULL,
  `last_login` datetime(6) DEFAULT NULL,
  `is_superuser` tinyint(1) NOT NULL,
  `username` varchar(150) COLLATE utf8mb4_unicode_ci NOT NULL,
  `first_name` varchar(30) COLLATE utf8mb4_unicode_ci NOT NULL,
  `last_name` varchar(150) COLLATE utf8mb4_unicode_ci NOT NULL,
  `email` varchar(254) COLLATE utf8mb4_unicode_ci NOT NULL,
  `is_staff` tinyint(1) NOT NULL,
  `is_active` tinyint(1) NOT NULL,
  `date_joined` datetime(6) NOT NULL,
  PRIMARY KEY (`id`),
  UNIQUE KEY `username` (`username`)
) ENGINE=InnoDB AUTO_INCREMENT=2 DEFAULT CHARSET=utf8mb4 COLLATE=utf8mb4_unicode_ci;
/*!40101 SET character_set_client = @saved_cs_client */;

--
-- Dumping data for table `auth_user`
--

LOCK TABLES `auth_user` WRITE;
/*!40000 ALTER TABLE `auth_user` DISABLE KEYS */;
INSERT INTO `auth_user` VALUES (1,'pbkdf2_sha256$180000$cLdLJgfTagWQ$3Pl68ky3ZvOVhuB8UVlSMEiexLTWtebk7nj9NQw2bXo=','2020-03-02 21:35:34.695508',1,'admin','','','alejandro.ramirez@congresodepuebla.mx',1,1,'2020-03-02 21:35:01.786752');
/*!40000 ALTER TABLE `auth_user` ENABLE KEYS */;
UNLOCK TABLES;

--
-- Table structure for table `auth_user_groups`
--

DROP TABLE IF EXISTS `auth_user_groups`;
/*!40101 SET @saved_cs_client     = @@character_set_client */;
/*!40101 SET character_set_client = utf8 */;
CREATE TABLE `auth_user_groups` (
  `id` int(11) NOT NULL AUTO_INCREMENT,
  `user_id` int(11) NOT NULL,
  `group_id` int(11) NOT NULL,
  PRIMARY KEY (`id`),
  UNIQUE KEY `auth_user_groups_user_id_group_id_94350c0c_uniq` (`user_id`,`group_id`),
  KEY `auth_user_groups_group_id_97559544_fk_auth_group_id` (`group_id`),
  CONSTRAINT `auth_user_groups_group_id_97559544_fk_auth_group_id` FOREIGN KEY (`group_id`) REFERENCES `auth_group` (`id`),
  CONSTRAINT `auth_user_groups_user_id_6a12ed8b_fk_auth_user_id` FOREIGN KEY (`user_id`) REFERENCES `auth_user` (`id`)
) ENGINE=InnoDB DEFAULT CHARSET=utf8mb4 COLLATE=utf8mb4_unicode_ci;
/*!40101 SET character_set_client = @saved_cs_client */;

--
-- Dumping data for table `auth_user_groups`
--

LOCK TABLES `auth_user_groups` WRITE;
/*!40000 ALTER TABLE `auth_user_groups` DISABLE KEYS */;
/*!40000 ALTER TABLE `auth_user_groups` ENABLE KEYS */;
UNLOCK TABLES;

--
-- Table structure for table `auth_user_user_permissions`
--

DROP TABLE IF EXISTS `auth_user_user_permissions`;
/*!40101 SET @saved_cs_client     = @@character_set_client */;
/*!40101 SET character_set_client = utf8 */;
CREATE TABLE `auth_user_user_permissions` (
  `id` int(11) NOT NULL AUTO_INCREMENT,
  `user_id` int(11) NOT NULL,
  `permission_id` int(11) NOT NULL,
  PRIMARY KEY (`id`),
  UNIQUE KEY `auth_user_user_permissions_user_id_permission_id_14a6b632_uniq` (`user_id`,`permission_id`),
  KEY `auth_user_user_permi_permission_id_1fbb5f2c_fk_auth_perm` (`permission_id`),
  CONSTRAINT `auth_user_user_permi_permission_id_1fbb5f2c_fk_auth_perm` FOREIGN KEY (`permission_id`) REFERENCES `auth_permission` (`id`),
  CONSTRAINT `auth_user_user_permissions_user_id_a95ead1b_fk_auth_user_id` FOREIGN KEY (`user_id`) REFERENCES `auth_user` (`id`)
) ENGINE=InnoDB DEFAULT CHARSET=utf8mb4 COLLATE=utf8mb4_unicode_ci;
/*!40101 SET character_set_client = @saved_cs_client */;

--
-- Dumping data for table `auth_user_user_permissions`
--

LOCK TABLES `auth_user_user_permissions` WRITE;
/*!40000 ALTER TABLE `auth_user_user_permissions` DISABLE KEYS */;
/*!40000 ALTER TABLE `auth_user_user_permissions` ENABLE KEYS */;
UNLOCK TABLES;

--
-- Table structure for table `diputados_asistencia`
--

DROP TABLE IF EXISTS `diputados_asistencia`;
/*!40101 SET @saved_cs_client     = @@character_set_client */;
/*!40101 SET character_set_client = utf8 */;
CREATE TABLE `diputados_asistencia` (
  `id` int(11) NOT NULL AUTO_INCREMENT,
  `tipo_asistencia` int(11) NOT NULL,
  `diputado_id` int(11) NOT NULL,
  `sesion_id` int(11) NOT NULL,
  PRIMARY KEY (`id`),
  KEY `diputados_asistencia_diputado_id_2155fbd5_fk_diputados` (`diputado_id`),
  KEY `diputados_asistencia_sesion_id_994915aa_fk_diputados_sesion_id` (`sesion_id`),
  CONSTRAINT `diputados_asistencia_diputado_id_2155fbd5_fk_diputados` FOREIGN KEY (`diputado_id`) REFERENCES `diputados_diputado` (`id`),
  CONSTRAINT `diputados_asistencia_sesion_id_994915aa_fk_diputados_sesion_id` FOREIGN KEY (`sesion_id`) REFERENCES `diputados_sesion` (`id`)
) ENGINE=InnoDB AUTO_INCREMENT=2893 DEFAULT CHARSET=utf8mb4 COLLATE=utf8mb4_unicode_ci;
/*!40101 SET character_set_client = @saved_cs_client */;

--
-- Dumping data for table `diputados_asistencia`
--

LOCK TABLES `diputados_asistencia` WRITE;
/*!40000 ALTER TABLE `diputados_asistencia` DISABLE KEYS */;
INSERT INTO `diputados_asistencia` VALUES (42,1,1,2),(43,1,2,2),(44,1,3,2),(45,1,4,2),(46,1,5,2),(47,1,6,2),(48,1,7,2),(49,1,8,2),(50,1,9,2),(51,1,10,2),(52,1,11,2),(53,1,12,2),(54,1,13,2),(55,1,14,2),(56,1,15,2),(57,1,16,2),(58,1,17,2),(59,1,18,2),(60,1,19,2),(61,1,20,2),(62,1,21,2),(63,1,22,2),(64,1,23,2),(65,1,24,2),(66,1,25,2),(67,1,26,2),(68,1,27,2),(69,1,28,2),(70,1,29,2),(71,1,30,2),(72,1,31,2),(73,1,32,2),(74,1,33,2),(75,1,34,2),(76,1,35,2),(77,1,36,2),(78,1,37,2),(79,1,39,2),(80,1,38,2),(81,1,41,2),(82,1,40,2),(83,1,1,3),(84,1,2,3),(85,1,3,3),(86,1,4,3),(87,1,5,3),(88,1,6,3),(89,1,7,3),(90,1,8,3),(91,1,9,3),(92,1,10,3),(93,1,11,3),(94,1,12,3),(95,1,13,3),(96,1,14,3),(97,1,15,3),(98,1,16,3),(99,1,17,3),(100,1,18,3),(101,1,19,3),(102,1,20,3),(103,1,21,3),(104,1,22,3),(105,1,23,3),(106,1,24,3),(107,1,25,3),(108,1,26,3),(109,1,27,3),(110,1,28,3),(111,1,29,3),(112,1,30,3),(113,1,31,3),(114,1,32,3),(115,1,33,3),(116,1,34,3),(117,1,35,3),(118,1,36,3),(119,1,37,3),(120,1,38,3),(121,1,39,3),(122,1,40,3),(123,1,41,3),(124,1,1,4),(125,1,2,4),(126,1,3,4),(127,1,4,4),(128,1,5,4),(129,1,6,4),(130,1,7,4),(131,1,8,4),(132,1,9,4),(133,1,10,4),(134,1,11,4),(135,1,12,4),(136,1,13,4),(137,1,14,4),(138,1,15,4),(139,1,16,4),(140,1,17,4),(141,1,18,4),(142,1,19,4),(143,1,20,4),(144,1,21,4),(145,1,22,4),(146,1,23,4),(147,1,24,4),(148,1,25,4),(149,1,26,4),(150,1,27,4),(151,1,28,4),(152,1,29,4),(153,1,30,4),(154,1,32,4),(155,1,31,4),(156,1,33,4),(157,1,34,4),(158,1,35,4),(159,1,36,4),(160,1,37,4),(161,1,38,4),(162,1,39,4),(163,1,40,4),(164,1,41,4),(165,1,1,5),(166,1,2,5),(167,1,3,5),(168,1,4,5),(169,1,5,5),(170,1,6,5),(171,1,7,5),(172,1,8,5),(173,1,9,5),(174,1,10,5),(175,1,11,5),(176,1,12,5),(177,1,13,5),(178,1,14,5),(179,1,15,5),(180,1,16,5),(181,1,17,5),(182,1,18,5),(183,1,19,5),(184,1,20,5),(185,1,21,5),(186,1,22,5),(187,1,23,5),(188,1,24,5),(189,1,25,5),(190,1,26,5),(191,1,27,5),(192,1,28,5),(193,1,29,5),(194,1,30,5),(195,1,31,5),(196,1,32,5),(197,1,33,5),(198,1,34,5),(199,1,35,5),(200,1,36,5),(201,1,37,5),(202,1,38,5),(203,1,39,5),(204,1,40,5),(205,1,41,5),(206,1,1,6),(207,1,2,6),(208,1,3,6),(209,1,4,6),(210,1,5,6),(211,1,6,6),(212,1,7,6),(213,1,8,6),(214,1,9,6),(215,1,10,6),(216,1,11,6),(217,1,12,6),(218,1,13,6),(219,1,14,6),(220,1,15,6),(221,1,16,6),(222,1,17,6),(223,1,18,6),(224,1,19,6),(225,1,20,6),(226,1,21,6),(227,4,22,6),(228,1,23,6),(229,1,24,6),(230,1,25,6),(231,1,26,6),(232,1,27,6),(233,1,28,6),(234,1,29,6),(235,1,30,6),(236,1,31,6),(237,1,32,6),(238,1,33,6),(239,1,34,6),(240,1,35,6),(241,1,36,6),(242,1,37,6),(243,1,38,6),(244,1,39,6),(245,1,40,6),(246,1,41,6),(247,1,1,7),(248,1,2,7),(249,1,3,7),(250,1,4,7),(251,1,5,7),(252,1,6,7),(253,1,7,7),(254,1,8,7),(255,1,9,7),(256,1,10,7),(257,1,11,7),(258,1,12,7),(259,1,13,7),(260,1,14,7),(261,1,15,7),(262,1,16,7),(263,1,17,7),(264,1,18,7),(265,4,19,7),(266,1,20,7),(267,1,21,7),(268,1,22,7),(269,1,23,7),(270,1,24,7),(271,1,25,7),(272,1,26,7),(273,1,27,7),(274,1,28,7),(275,1,29,7),(276,1,30,7),(277,1,31,7),(278,1,32,7),(279,1,33,7),(280,1,34,7),(281,1,35,7),(282,1,36,7),(283,1,37,7),(284,1,38,7),(285,1,39,7),(286,1,40,7),(287,1,41,7),(288,1,1,8),(289,1,2,8),(290,1,3,8),(291,1,4,8),(292,1,5,8),(293,1,6,8),(294,1,7,8),(295,1,8,8),(296,1,9,8),(297,1,10,8),(298,1,11,8),(299,1,12,8),(300,1,13,8),(301,1,14,8),(302,1,15,8),(303,1,16,8),(304,1,17,8),(305,1,18,8),(306,1,19,8),(307,1,20,8),(308,1,21,8),(309,1,22,8),(310,1,23,8),(311,1,24,8),(312,1,25,8),(313,1,26,8),(314,1,27,8),(315,1,28,8),(316,1,29,8),(317,1,30,8),(318,1,31,8),(319,1,32,8),(320,1,33,8),(321,1,34,8),(322,1,35,8),(323,1,36,8),(324,1,37,8),(325,1,38,8),(326,1,39,8),(327,1,40,8),(328,1,41,8),(329,1,1,9),(330,1,2,9),(331,1,3,9),(332,1,4,9),(333,1,5,9),(334,1,6,9),(335,1,7,9),(336,1,8,9),(337,1,9,9),(338,1,10,9),(339,1,11,9),(340,1,12,9),(341,1,13,9),(342,1,14,9),(343,1,15,9),(344,1,16,9),(345,1,17,9),(346,1,18,9),(347,1,19,9),(348,1,20,9),(349,1,21,9),(350,1,22,9),(351,1,23,9),(352,1,24,9),(353,1,25,9),(354,1,26,9),(355,1,27,9),(356,1,28,9),(357,1,29,9),(358,1,30,9),(359,1,31,9),(360,1,32,9),(361,1,33,9),(362,1,34,9),(363,1,35,9),(364,1,36,9),(365,1,37,9),(366,1,38,9),(367,1,39,9),(368,1,40,9),(369,1,41,9),(370,1,1,10),(371,1,2,10),(372,1,3,10),(373,1,4,10),(374,1,5,10),(375,1,6,10),(376,1,7,10),(377,1,8,10),(378,1,9,10),(379,1,10,10),(380,1,11,10),(381,1,12,10),(382,1,13,10),(383,1,14,10),(384,1,15,10),(385,1,16,10),(386,1,17,10),(387,1,18,10),(388,1,19,10),(389,1,20,10),(390,1,21,10),(391,1,22,10),(392,1,23,10),(393,1,24,10),(394,1,25,10),(395,1,26,10),(396,1,27,10),(397,1,28,10),(398,1,29,10),(399,1,30,10),(400,1,31,10),(401,1,32,10),(402,1,33,10),(403,1,34,10),(404,1,35,10),(405,1,36,10),(406,1,37,10),(407,1,38,10),(408,1,39,10),(409,1,40,10),(410,1,41,10),(411,1,1,11),(412,1,2,11),(413,1,3,11),(414,1,4,11),(415,1,5,11),(416,1,6,11),(417,1,7,11),(418,1,8,11),(419,1,9,11),(420,1,10,11),(421,1,11,11),(422,1,12,11),(423,1,13,11),(424,1,14,11),(425,1,15,11),(426,1,16,11),(427,1,17,11),(428,1,18,11),(429,1,19,11),(430,1,20,11),(431,1,21,11),(432,1,22,11),(433,1,23,11),(434,1,24,11),(435,1,25,11),(436,1,26,11),(437,1,27,11),(438,1,28,11),(439,1,29,11),(440,1,30,11),(441,1,31,11),(442,1,32,11),(443,1,33,11),(444,1,34,11),(445,1,35,11),(446,1,36,11),(447,1,37,11),(448,1,38,11),(449,1,39,11),(450,1,40,11),(451,1,41,11),(452,1,1,12),(453,1,2,12),(454,1,3,12),(455,1,4,12),(456,1,5,12),(457,1,6,12),(458,1,7,12),(459,1,8,12),(460,1,9,12),(461,1,10,12),(462,1,11,12),(463,1,12,12),(464,1,13,12),(465,1,14,12),(466,1,15,12),(467,1,16,12),(468,1,17,12),(469,1,18,12),(470,1,19,12),(471,1,20,12),(472,1,21,12),(473,1,22,12),(474,1,23,12),(475,1,24,12),(476,1,25,12),(477,1,26,12),(478,1,27,12),(479,1,28,12),(480,1,29,12),(481,1,30,12),(482,1,31,12),(483,1,32,12),(484,1,33,12),(485,1,34,12),(486,1,35,12),(487,1,36,12),(488,1,37,12),(489,1,38,12),(490,1,39,12),(491,1,40,12),(492,1,41,12),(493,2,1,13),(494,1,2,13),(495,1,3,13),(496,1,4,13),(497,1,5,13),(498,1,6,13),(499,1,7,13),(500,1,8,13),(501,1,9,13),(502,1,10,13),(503,1,11,13),(504,1,12,13),(505,1,13,13),(506,1,14,13),(507,2,15,13),(508,1,16,13),(509,1,17,13),(510,1,18,13),(511,1,19,13),(512,1,20,13),(513,1,21,13),(514,2,22,13),(515,1,23,13),(516,1,24,13),(517,1,25,13),(518,1,26,13),(519,1,27,13),(520,1,28,13),(521,1,29,13),(522,1,30,13),(523,1,32,13),(524,2,31,13),(525,1,33,13),(526,1,34,13),(527,1,35,13),(528,1,36,13),(529,1,37,13),(530,1,38,13),(531,1,39,13),(532,1,40,13),(533,1,41,13),(534,1,1,14),(535,1,2,14),(536,1,3,14),(537,1,4,14),(538,1,5,14),(539,1,6,14),(540,1,7,14),(541,1,8,14),(542,1,9,14),(543,1,10,14),(544,1,11,14),(545,1,12,14),(546,1,13,14),(547,1,14,14),(548,1,15,14),(549,1,16,14),(550,1,17,14),(551,1,18,14),(552,1,19,14),(553,1,20,14),(554,1,21,14),(555,1,22,14),(556,1,23,14),(557,1,24,14),(558,1,25,14),(559,1,26,14),(560,1,27,14),(561,1,28,14),(562,1,29,14),(563,1,30,14),(564,1,31,14),(565,1,32,14),(566,1,33,14),(567,1,34,14),(568,1,35,14),(569,1,36,14),(570,1,37,14),(571,1,38,14),(572,1,39,14),(573,1,40,14),(574,1,41,14),(575,1,1,15),(576,1,2,15),(577,1,3,15),(578,1,4,15),(579,1,5,15),(580,1,6,15),(581,1,7,15),(582,1,8,15),(583,1,9,15),(584,1,10,15),(585,1,11,15),(586,1,12,15),(587,1,13,15),(588,1,14,15),(589,1,15,15),(590,1,16,15),(591,1,17,15),(592,1,18,15),(593,1,19,15),(594,1,20,15),(595,1,21,15),(596,1,22,15),(597,1,23,15),(598,1,24,15),(599,1,25,15),(600,1,26,15),(601,1,27,15),(602,2,28,15),(603,1,29,15),(604,1,30,15),(605,1,31,15),(606,1,32,15),(607,1,33,15),(608,1,34,15),(609,1,35,15),(610,1,36,15),(611,1,37,15),(612,1,38,15),(613,1,39,15),(614,1,40,15),(615,1,41,15),(616,1,1,16),(617,1,2,16),(618,1,3,16),(619,1,4,16),(620,1,5,16),(621,1,6,16),(622,1,7,16),(623,1,8,16),(624,1,9,16),(625,1,10,16),(626,1,11,16),(627,1,12,16),(628,1,13,16),(629,1,14,16),(630,1,15,16),(631,1,16,16),(632,1,17,16),(633,1,18,16),(634,1,19,16),(635,1,20,16),(636,1,21,16),(637,1,22,16),(638,1,23,16),(639,1,24,16),(640,1,25,16),(641,1,26,16),(642,1,27,16),(643,1,28,16),(644,1,29,16),(645,1,30,16),(646,1,31,16),(647,1,32,16),(648,1,33,16),(649,1,34,16),(650,1,35,16),(651,1,36,16),(652,1,37,16),(653,1,39,16),(654,1,38,16),(655,1,40,16),(656,1,41,16),(657,1,1,17),(658,1,2,17),(659,1,3,17),(660,1,4,17),(661,1,5,17),(662,1,6,17),(663,1,7,17),(664,1,8,17),(665,1,9,17),(666,1,10,17),(667,1,11,17),(668,1,12,17),(669,1,13,17),(670,1,14,17),(671,1,15,17),(672,1,16,17),(673,1,17,17),(674,1,18,17),(675,1,19,17),(676,1,20,17),(677,1,21,17),(678,1,22,17),(679,1,23,17),(680,1,24,17),(681,1,25,17),(682,1,26,17),(683,1,27,17),(684,1,28,17),(685,1,29,17),(686,1,30,17),(687,1,31,17),(688,1,32,17),(689,1,33,17),(690,1,34,17),(691,1,35,17),(692,1,36,17),(693,1,37,17),(694,1,38,17),(695,1,39,17),(696,1,40,17),(697,1,41,17),(698,1,1,18),(699,1,2,18),(700,1,3,18),(701,1,4,18),(702,4,5,18),(703,1,6,18),(704,1,7,18),(705,1,8,18),(706,1,9,18),(707,1,10,18),(708,1,11,18),(709,1,12,18),(710,1,13,18),(711,1,14,18),(712,1,15,18),(713,2,16,18),(714,1,17,18),(715,1,18,18),(716,1,19,18),(717,1,20,18),(718,1,21,18),(719,4,22,18),(720,1,23,18),(721,1,24,18),(722,1,25,18),(723,1,26,18),(724,1,27,18),(725,1,28,18),(726,1,29,18),(727,1,30,18),(728,1,31,18),(729,1,32,18),(730,1,33,18),(731,1,34,18),(732,1,35,18),(733,1,36,18),(734,1,37,18),(735,1,38,18),(736,1,39,18),(737,1,40,18),(738,1,41,18),(739,1,1,19),(740,1,2,19),(741,1,3,19),(742,1,4,19),(743,1,5,19),(744,1,6,19),(745,1,7,19),(746,1,8,19),(747,1,9,19),(748,1,10,19),(749,1,11,19),(750,1,12,19),(751,1,13,19),(752,1,14,19),(753,2,15,19),(754,1,16,19),(755,1,17,19),(756,1,18,19),(757,1,19,19),(758,1,20,19),(759,1,21,19),(760,1,22,19),(761,1,23,19),(762,1,24,19),(763,1,25,19),(764,1,26,19),(765,1,27,19),(766,1,28,19),(767,1,29,19),(768,1,30,19),(769,1,31,19),(770,1,32,19),(771,1,33,19),(772,1,34,19),(773,1,35,19),(774,1,36,19),(775,1,37,19),(776,1,38,19),(777,1,39,19),(778,1,40,19),(779,1,41,19),(780,1,1,20),(781,1,2,20),(782,1,3,20),(783,4,4,20),(784,1,5,20),(785,1,6,20),(786,1,7,20),(787,1,8,20),(788,1,9,20),(789,1,10,20),(790,1,11,20),(791,1,12,20),(792,1,13,20),(793,1,14,20),(794,1,15,20),(795,1,16,20),(796,1,17,20),(797,1,18,20),(798,1,19,20),(799,1,20,20),(800,2,21,20),(801,2,22,20),(802,1,23,20),(803,1,24,20),(804,1,25,20),(805,1,26,20),(806,1,27,20),(807,1,28,20),(808,1,29,20),(809,1,30,20),(810,1,31,20),(811,1,32,20),(812,1,33,20),(813,1,34,20),(814,1,35,20),(815,1,36,20),(816,1,37,20),(817,1,38,20),(818,1,39,20),(819,1,40,20),(820,1,41,20),(821,1,1,21),(822,2,2,21),(823,1,3,21),(824,1,4,21),(825,1,5,21),(826,1,6,21),(827,1,7,21),(828,1,8,21),(829,1,9,21),(830,1,10,21),(831,2,11,21),(832,1,12,21),(833,1,13,21),(834,1,14,21),(835,1,15,21),(836,1,16,21),(837,1,17,21),(838,1,18,21),(839,1,19,21),(840,1,20,21),(841,1,21,21),(842,2,22,21),(843,1,23,21),(844,1,24,21),(845,1,25,21),(846,1,26,21),(847,1,27,21),(848,1,28,21),(849,1,29,21),(850,1,30,21),(851,1,31,21),(852,1,32,21),(853,1,33,21),(854,1,34,21),(855,1,35,21),(856,1,36,21),(857,1,37,21),(858,1,38,21),(859,1,39,21),(860,1,40,21),(861,1,41,21),(862,1,1,22),(863,1,2,22),(864,1,3,22),(865,1,4,22),(866,1,5,22),(867,1,6,22),(868,1,7,22),(869,1,8,22),(870,1,9,22),(871,1,10,22),(872,1,11,22),(873,1,12,22),(874,2,13,22),(875,1,14,22),(876,1,15,22),(877,1,16,22),(878,1,17,22),(879,1,18,22),(880,1,19,22),(881,1,20,22),(882,1,21,22),(883,1,22,22),(884,1,23,22),(885,1,24,22),(886,1,25,22),(887,1,26,22),(888,1,27,22),(889,1,28,22),(890,1,29,22),(891,2,30,22),(892,1,31,22),(893,1,32,22),(894,1,33,22),(895,1,34,22),(896,1,35,22),(897,1,36,22),(898,1,37,22),(899,1,38,22),(900,1,39,22),(901,1,40,22),(902,1,41,22),(903,1,1,23),(904,1,2,23),(905,1,3,23),(906,1,4,23),(907,1,5,23),(908,1,6,23),(909,1,7,23),(910,1,8,23),(911,1,9,23),(912,1,10,23),(913,1,11,23),(914,1,12,23),(915,1,13,23),(916,1,14,23),(917,1,15,23),(918,1,16,23),(919,1,17,23),(920,1,18,23),(921,1,19,23),(922,1,20,23),(923,1,21,23),(924,1,22,23),(925,1,23,23),(926,1,24,23),(927,1,25,23),(928,1,26,23),(929,1,27,23),(930,1,28,23),(931,1,29,23),(932,2,30,23),(933,1,31,23),(934,1,32,23),(935,1,33,23),(936,1,34,23),(937,1,35,23),(938,1,36,23),(939,1,37,23),(940,1,38,23),(941,1,39,23),(942,1,40,23),(943,1,41,23),(944,1,1,24),(945,1,2,24),(946,1,3,24),(947,1,4,24),(948,1,5,24),(949,1,6,24),(950,1,7,24),(951,1,8,24),(952,1,9,24),(953,1,10,24),(954,1,11,24),(955,1,12,24),(956,1,13,24),(957,1,14,24),(958,1,15,24),(959,1,16,24),(960,1,17,24),(961,1,18,24),(962,1,19,24),(963,1,20,24),(964,1,21,24),(965,1,22,24),(966,1,23,24),(967,1,24,24),(968,1,25,24),(969,1,26,24),(970,1,27,24),(971,1,28,24),(972,1,29,24),(973,2,38,24),(974,1,41,24),(975,1,39,24),(976,1,37,24),(977,1,36,24),(978,1,35,24),(979,1,34,24),(980,1,33,24),(981,1,32,24),(982,1,31,24),(983,1,30,24),(984,1,1,25),(985,1,2,25),(986,1,3,25),(987,1,4,25),(988,1,5,25),(989,1,6,25),(990,1,7,25),(991,1,8,25),(992,1,9,25),(993,1,10,25),(994,1,11,25),(995,1,12,25),(996,1,13,25),(997,1,14,25),(998,2,15,25),(999,1,16,25),(1000,1,17,25),(1001,1,18,25),(1002,1,19,25),(1003,1,20,25),(1004,1,21,25),(1005,1,22,25),(1006,1,23,25),(1007,1,24,25),(1008,1,25,25),(1009,1,26,25),(1010,1,27,25),(1011,1,28,25),(1012,1,29,25),(1013,1,30,25),(1014,1,31,25),(1015,4,32,25),(1016,1,33,25),(1017,1,34,25),(1018,1,35,25),(1019,1,36,25),(1020,1,37,25),(1021,1,38,25),(1022,1,39,25),(1023,1,40,25),(1024,1,1,26),(1025,1,2,26),(1026,1,3,26),(1027,1,4,26),(1028,1,5,26),(1029,1,6,26),(1030,1,7,26),(1031,1,8,26),(1032,1,9,26),(1033,1,10,26),(1034,1,11,26),(1035,1,12,26),(1036,1,13,26),(1037,2,14,26),(1038,1,15,26),(1039,1,16,26),(1040,1,17,26),(1041,1,18,26),(1042,1,19,26),(1043,1,20,26),(1044,1,21,26),(1045,1,22,26),(1046,1,23,26),(1047,1,24,26),(1048,1,25,26),(1049,1,26,26),(1050,1,27,26),(1051,1,28,26),(1052,1,29,26),(1053,1,30,26),(1054,1,31,26),(1055,1,32,26),(1056,1,33,26),(1057,1,34,26),(1058,1,35,26),(1059,1,36,26),(1060,1,37,26),(1061,1,38,26),(1062,1,39,26),(1063,2,40,26),(1064,1,41,26),(1065,1,1,27),(1066,1,2,27),(1067,1,3,27),(1068,1,4,27),(1069,1,5,27),(1070,1,6,27),(1071,1,7,27),(1072,1,8,27),(1073,1,9,27),(1074,1,10,27),(1075,1,11,27),(1076,1,12,27),(1077,1,13,27),(1078,1,14,27),(1079,1,15,27),(1080,1,16,27),(1081,1,17,27),(1082,1,18,27),(1083,1,19,27),(1084,1,20,27),(1085,1,21,27),(1086,2,22,27),(1087,1,23,27),(1088,1,24,27),(1089,1,25,27),(1090,1,26,27),(1091,1,27,27),(1092,1,28,27),(1093,1,29,27),(1094,1,30,27),(1095,1,31,27),(1096,1,32,27),(1097,1,33,27),(1098,1,34,27),(1099,1,35,27),(1100,1,36,27),(1101,1,37,27),(1102,1,38,27),(1103,1,39,27),(1104,1,40,27),(1105,1,41,27),(1106,1,1,28),(1107,1,2,28),(1108,1,3,28),(1109,1,4,28),(1110,1,5,28),(1111,1,6,28),(1112,1,7,28),(1113,1,8,28),(1114,1,9,28),(1115,1,10,28),(1116,1,11,28),(1117,1,12,28),(1118,1,13,28),(1119,1,14,28),(1120,1,15,28),(1121,1,16,28),(1122,1,17,28),(1123,1,18,28),(1124,4,19,28),(1125,1,20,28),(1126,1,21,28),(1127,4,22,28),(1128,1,23,28),(1129,1,24,28),(1130,1,25,28),(1131,2,26,28),(1132,1,27,28),(1133,1,28,28),(1134,1,29,28),(1135,1,30,28),(1136,4,31,28),(1137,1,32,28),(1138,1,33,28),(1139,1,34,28),(1140,1,35,28),(1141,1,36,28),(1142,1,37,28),(1143,1,38,28),(1144,1,39,28),(1145,1,40,28),(1146,1,41,28),(1147,1,1,29),(1148,1,2,29),(1149,1,3,29),(1150,1,4,29),(1151,1,5,29),(1152,1,6,29),(1153,1,7,29),(1154,4,8,29),(1155,1,9,29),(1156,1,10,29),(1157,4,11,29),(1158,1,12,29),(1159,1,13,29),(1160,2,14,29),(1161,1,15,29),(1162,4,16,29),(1163,1,17,29),(1164,1,18,29),(1165,1,19,29),(1166,1,20,29),(1167,4,21,29),(1168,2,22,29),(1169,1,23,29),(1170,1,24,29),(1171,1,25,29),(1172,1,26,29),(1173,1,27,29),(1174,1,28,29),(1175,4,29,29),(1176,4,30,29),(1177,4,31,29),(1178,2,32,29),(1179,1,33,29),(1180,1,34,29),(1181,1,35,29),(1182,1,36,29),(1183,1,37,29),(1184,1,38,29),(1185,1,39,29),(1186,1,40,29),(1187,1,41,29),(1188,3,1,30),(1189,2,2,30),(1190,2,3,30),(1191,2,4,30),(1192,2,5,30),(1193,2,6,30),(1194,1,7,30),(1195,1,8,30),(1196,1,9,30),(1197,1,10,30),(1198,1,11,30),(1199,1,12,30),(1200,1,13,30),(1201,1,15,30),(1202,1,16,30),(1203,1,17,30),(1204,1,18,30),(1205,1,19,30),(1206,1,20,30),(1207,1,21,30),(1208,1,23,30),(1209,1,24,30),(1210,1,25,30),(1211,1,28,30),(1212,1,34,30),(1213,1,35,30),(1214,1,36,30),(1215,1,38,30),(1216,1,39,30),(1217,1,40,30),(1218,1,41,30),(1219,2,14,30),(1220,2,22,30),(1221,2,26,30),(1222,2,27,30),(1223,2,29,30),(1224,2,30,30),(1225,2,31,30),(1226,3,32,30),(1227,2,33,30),(1228,2,37,30),(1229,4,27,31),(1230,1,1,31),(1231,1,2,31),(1232,1,3,31),(1233,1,4,31),(1234,1,5,31),(1235,1,6,31),(1236,1,7,31),(1237,1,8,31),(1238,1,9,31),(1239,1,10,31),(1240,1,11,31),(1241,1,12,31),(1242,1,13,31),(1243,1,14,31),(1244,1,15,31),(1245,1,16,31),(1246,1,17,31),(1247,1,18,31),(1248,1,19,31),(1249,1,20,31),(1250,1,21,31),(1251,2,22,31),(1252,1,23,31),(1253,1,24,31),(1254,1,25,31),(1255,1,26,31),(1256,1,28,31),(1257,1,29,31),(1258,1,30,31),(1259,2,31,31),(1260,2,39,31),(1261,1,41,31),(1262,1,40,31),(1263,1,38,31),(1264,1,37,31),(1265,1,36,31),(1266,1,35,31),(1267,1,34,31),(1268,1,33,31),(1269,1,32,31),(1270,1,16,32),(1271,1,20,32),(1272,1,37,32),(1273,1,26,32),(1274,1,10,32),(1275,2,19,32),(1276,2,31,32),(1277,2,34,32),(1278,2,35,32),(1279,1,10,33),(1280,1,16,33),(1281,1,19,33),(1282,1,20,33),(1283,1,26,33),(1284,1,31,33),(1285,1,34,33),(1286,1,35,33),(1287,1,37,33),(1288,2,1,34),(1289,2,2,34),(1290,1,3,34),(1291,1,4,34),(1292,1,5,34),(1293,1,6,34),(1294,1,7,34),(1295,1,8,34),(1296,1,9,34),(1297,1,10,34),(1298,1,11,34),(1299,1,12,34),(1300,1,13,34),(1301,2,14,34),(1302,1,15,34),(1303,1,16,34),(1304,1,17,34),(1305,1,18,34),(1306,1,19,34),(1307,1,20,34),(1308,1,21,34),(1309,2,22,34),(1310,1,23,34),(1311,1,24,34),(1312,1,25,34),(1313,1,26,34),(1314,2,27,34),(1315,1,28,34),(1316,1,29,34),(1317,1,30,34),(1318,1,31,34),(1319,1,32,34),(1320,1,33,34),(1321,1,34,34),(1322,1,35,34),(1323,1,36,34),(1324,1,37,34),(1325,1,38,34),(1326,1,39,34),(1327,1,40,34),(1328,2,41,34),(1329,2,10,35),(1330,1,16,35),(1331,2,19,35),(1332,1,20,35),(1333,1,26,35),(1334,1,31,35),(1335,1,34,35),(1336,1,35,35),(1337,1,37,35),(1338,1,10,36),(1339,1,19,36),(1340,1,20,36),(1341,1,26,36),(1342,1,31,36),(1343,1,34,36),(1344,1,35,36),(1345,1,37,36),(1346,1,16,36),(1347,1,1,37),(1348,1,2,37),(1349,1,3,37),(1350,1,4,37),(1351,1,5,37),(1352,1,6,37),(1353,1,7,37),(1354,1,8,37),(1355,1,9,37),(1356,1,10,37),(1357,1,11,37),(1358,1,12,37),(1359,1,13,37),(1360,1,14,37),(1361,1,15,37),(1362,1,16,37),(1363,1,17,37),(1364,1,18,37),(1365,1,19,37),(1366,1,20,37),(1367,1,21,37),(1368,1,22,37),(1369,1,23,37),(1370,1,24,37),(1371,1,25,37),(1372,1,26,37),(1373,2,27,37),(1374,1,28,37),(1375,1,29,37),(1376,1,30,37),(1377,1,31,37),(1378,1,32,37),(1379,1,33,37),(1380,1,34,37),(1381,1,35,37),(1382,2,36,37),(1383,1,37,37),(1384,1,38,37),(1385,1,39,37),(1386,1,40,37),(1387,1,41,37),(1388,2,10,38),(1389,1,16,38),(1390,4,19,38),(1391,1,20,38),(1392,1,26,38),(1393,1,31,38),(1394,1,34,38),(1395,1,35,38),(1396,1,37,38),(1397,1,1,39),(1398,1,2,39),(1399,1,3,39),(1400,1,4,39),(1401,1,5,39),(1402,1,6,39),(1403,1,7,39),(1404,1,8,39),(1405,1,9,39),(1406,2,10,39),(1407,1,11,39),(1408,1,12,39),(1409,1,13,39),(1410,1,14,39),(1411,1,15,39),(1412,1,16,39),(1413,1,17,39),(1414,1,18,39),(1415,1,19,39),(1416,1,20,39),(1417,1,21,39),(1418,1,22,39),(1419,1,23,39),(1420,1,24,39),(1421,1,25,39),(1422,1,26,39),(1423,2,27,39),(1424,1,28,39),(1425,1,29,39),(1426,1,30,39),(1427,1,31,39),(1428,1,32,39),(1429,1,33,39),(1430,1,34,39),(1431,1,35,39),(1432,1,36,39),(1433,1,37,39),(1434,1,38,39),(1435,1,39,39),(1436,1,40,39),(1437,1,41,39),(1438,1,10,40),(1439,1,16,40),(1440,1,19,40),(1441,1,20,40),(1442,1,26,40),(1443,1,31,40),(1444,1,34,40),(1445,1,1,41),(1446,1,2,41),(1447,1,3,41),(1448,1,4,41),(1449,1,5,41),(1450,1,6,41),(1451,1,7,41),(1452,1,8,41),(1453,1,9,41),(1454,1,10,41),(1455,1,11,41),(1456,1,12,41),(1457,1,13,41),(1458,1,14,41),(1459,1,15,41),(1460,1,16,41),(1461,1,17,41),(1462,1,18,41),(1463,1,19,41),(1464,1,20,41),(1465,1,21,41),(1466,1,23,41),(1467,1,24,41),(1468,1,25,41),(1469,1,26,41),(1470,1,27,41),(1471,1,28,41),(1472,1,29,41),(1473,1,30,41),(1474,1,31,41),(1475,1,32,41),(1476,1,33,41),(1477,1,34,41),(1478,1,35,41),(1479,1,36,41),(1480,1,37,41),(1481,1,38,41),(1482,1,39,41),(1483,1,40,41),(1484,1,41,41),(1485,1,1,42),(1486,1,2,42),(1487,1,3,42),(1488,1,4,42),(1489,1,5,42),(1490,1,6,42),(1491,1,7,42),(1492,1,8,42),(1493,1,9,42),(1494,1,10,42),(1495,1,11,42),(1496,1,12,42),(1497,1,13,42),(1498,1,14,42),(1499,1,15,42),(1500,1,16,42),(1501,1,17,42),(1502,1,18,42),(1503,1,19,42),(1504,1,20,42),(1505,1,21,42),(1506,1,23,42),(1507,1,24,42),(1508,1,25,42),(1509,1,26,42),(1510,1,27,42),(1511,1,28,42),(1512,1,29,42),(1513,1,30,42),(1514,1,31,42),(1515,1,32,42),(1516,1,34,42),(1517,1,33,42),(1518,1,35,42),(1519,1,36,42),(1520,1,37,42),(1521,1,38,42),(1522,1,39,42),(1523,1,40,42),(1524,1,41,42),(1525,1,1,43),(1526,1,2,43),(1527,1,3,43),(1528,1,4,43),(1529,1,5,43),(1530,1,6,43),(1531,1,7,43),(1532,1,8,43),(1533,1,9,43),(1534,1,10,43),(1535,1,11,43),(1536,1,12,43),(1537,1,13,43),(1538,1,14,43),(1539,1,15,43),(1540,1,16,43),(1541,1,17,43),(1542,1,18,43),(1543,1,19,43),(1544,1,20,43),(1545,1,21,43),(1546,1,23,43),(1547,1,24,43),(1548,1,25,43),(1549,1,26,43),(1550,1,27,43),(1551,1,28,43),(1552,1,29,43),(1553,1,30,43),(1554,4,31,43),(1555,1,32,43),(1556,1,33,43),(1557,1,34,43),(1558,1,35,43),(1559,1,36,43),(1560,1,37,43),(1561,1,38,43),(1562,1,39,43),(1563,2,40,43),(1564,1,41,43),(1565,1,1,44),(1566,1,2,44),(1567,1,3,44),(1568,2,11,44),(1569,2,35,44),(1570,4,41,44),(1571,1,42,44),(1572,1,40,44),(1573,1,39,44),(1574,1,38,44),(1575,1,37,44),(1576,1,36,44),(1577,1,34,44),(1578,1,33,44),(1579,1,32,44),(1580,4,31,44),(1581,1,30,44),(1582,1,28,44),(1583,1,29,44),(1584,1,27,44),(1585,1,26,44),(1586,1,25,44),(1587,1,24,44),(1588,1,23,44),(1589,1,21,44),(1590,1,20,44),(1591,1,19,44),(1592,1,18,44),(1593,1,17,44),(1594,1,16,44),(1595,1,15,44),(1596,1,14,44),(1597,1,13,44),(1598,1,12,44),(1599,1,10,44),(1600,1,9,44),(1601,4,8,44),(1602,1,7,44),(1603,1,6,44),(1604,1,5,44),(1605,1,4,44),(1606,1,1,45),(1607,1,2,45),(1608,1,3,45),(1609,1,4,45),(1610,1,5,45),(1611,1,6,45),(1612,1,7,45),(1613,1,8,45),(1614,1,9,45),(1615,1,10,45),(1616,1,11,45),(1617,1,12,45),(1618,1,13,45),(1619,1,14,45),(1620,1,15,45),(1621,1,16,45),(1622,1,17,45),(1623,1,18,45),(1624,1,19,45),(1625,1,20,45),(1626,1,21,45),(1627,1,23,45),(1628,1,24,45),(1629,1,25,45),(1630,1,26,45),(1631,1,27,45),(1632,1,28,45),(1633,1,29,45),(1634,1,30,45),(1635,4,31,45),(1636,1,32,45),(1637,1,33,45),(1638,1,34,45),(1639,1,35,45),(1640,1,36,45),(1641,4,37,45),(1642,1,38,45),(1643,1,39,45),(1644,1,40,45),(1645,1,42,45),(1646,4,41,45),(1647,1,1,46),(1648,1,2,46),(1649,1,3,46),(1650,1,4,46),(1651,1,5,46),(1652,1,6,46),(1653,1,7,46),(1654,4,8,46),(1655,1,9,46),(1656,1,10,46),(1657,2,11,46),(1658,1,12,46),(1659,1,13,46),(1660,1,14,46),(1661,1,15,46),(1662,1,16,46),(1663,1,17,46),(1664,1,18,46),(1665,1,19,46),(1666,1,20,46),(1667,1,21,46),(1668,1,23,46),(1669,1,24,46),(1670,1,25,46),(1671,1,27,46),(1672,1,26,46),(1673,1,28,46),(1674,1,29,46),(1675,1,30,46),(1676,4,31,46),(1677,1,32,46),(1678,1,33,46),(1679,1,34,46),(1680,2,35,46),(1681,1,36,46),(1682,1,37,46),(1683,1,38,46),(1684,1,39,46),(1685,1,40,46),(1686,4,41,46),(1687,1,42,46),(1688,1,1,47),(1689,1,2,47),(1690,1,3,47),(1691,1,4,47),(1692,1,5,47),(1693,1,6,47),(1694,1,7,47),(1695,1,8,47),(1696,1,9,47),(1697,1,10,47),(1698,1,11,47),(1699,1,12,47),(1700,1,13,47),(1701,1,14,47),(1702,1,15,47),(1703,1,16,47),(1704,1,17,47),(1705,1,18,47),(1706,4,19,47),(1707,1,20,47),(1708,1,21,47),(1709,1,23,47),(1710,1,24,47),(1711,1,25,47),(1712,1,26,47),(1713,1,27,47),(1714,1,28,47),(1715,1,29,47),(1716,1,30,47),(1717,1,31,47),(1718,1,32,47),(1719,1,33,47),(1720,1,34,47),(1721,1,35,47),(1722,1,36,47),(1723,1,37,47),(1724,1,38,47),(1725,1,39,47),(1726,1,40,47),(1727,1,41,47),(1728,1,42,47),(1769,1,42,41),(1770,1,42,42),(1771,1,1,49),(1772,1,2,49),(1773,1,3,49),(1774,1,4,49),(1775,1,5,49),(1776,1,6,49),(1777,1,7,49),(1778,5,8,49),(1779,1,9,49),(1780,1,10,49),(1781,1,11,49),(1782,1,12,49),(1783,1,13,49),(1784,1,14,49),(1785,1,15,49),(1786,1,16,49),(1787,1,17,49),(1788,1,18,49),(1789,1,19,49),(1790,2,20,49),(1791,1,21,49),(1792,1,23,49),(1793,1,24,49),(1794,2,25,49),(1795,1,26,49),(1796,1,27,49),(1797,1,28,49),(1798,1,29,49),(1799,1,30,49),(1800,1,31,49),(1801,1,32,49),(1802,1,33,49),(1803,1,34,49),(1804,1,35,49),(1805,1,36,49),(1806,1,37,49),(1807,1,38,49),(1808,1,39,49),(1809,1,40,49),(1810,1,41,49),(1811,1,42,49),(1812,1,1,50),(1813,1,2,50),(1814,1,3,50),(1815,1,4,50),(1816,1,5,50),(1817,1,6,50),(1818,3,7,50),(1819,1,8,50),(1820,1,9,50),(1821,1,10,50),(1822,3,11,50),(1823,1,12,50),(1824,1,13,50),(1825,1,14,50),(1826,1,15,50),(1827,1,16,50),(1828,1,17,50),(1829,1,18,50),(1830,1,19,50),(1831,1,20,50),(1832,1,21,50),(1833,1,23,50),(1834,1,24,50),(1835,1,25,50),(1836,1,26,50),(1837,3,27,50),(1838,1,28,50),(1839,1,29,50),(1840,1,30,50),(1841,1,31,50),(1842,1,32,50),(1843,1,33,50),(1844,1,34,50),(1845,1,35,50),(1846,1,36,50),(1847,1,37,50),(1848,1,38,50),(1849,1,39,50),(1850,1,40,50),(1851,1,41,50),(1852,1,42,50),(1853,1,1,51),(1854,1,2,51),(1855,1,3,51),(1856,1,4,51),(1857,1,5,51),(1858,1,6,51),(1859,1,7,51),(1860,1,8,51),(1861,1,9,51),(1862,1,10,51),(1863,1,11,51),(1864,1,12,51),(1865,1,13,51),(1866,1,14,51),(1867,1,15,51),(1868,1,16,51),(1869,1,17,51),(1870,1,18,51),(1871,1,19,51),(1872,1,20,51),(1873,1,21,51),(1874,1,23,51),(1875,1,24,51),(1876,1,25,51),(1877,1,26,51),(1878,1,27,51),(1879,1,28,51),(1880,1,29,51),(1881,1,30,51),(1882,1,31,51),(1883,1,32,51),(1884,1,33,51),(1885,1,34,51),(1886,1,35,51),(1887,1,36,51),(1888,1,37,51),(1889,1,38,51),(1890,1,39,51),(1891,1,40,51),(1892,1,41,51),(1893,1,42,51),(1894,1,1,52),(1895,1,2,52),(1896,1,3,52),(1897,1,4,52),(1898,1,5,52),(1899,1,6,52),(1900,1,7,52),(1901,1,8,52),(1902,4,9,52),(1903,1,10,52),(1904,1,11,52),(1905,1,12,52),(1906,1,13,52),(1907,1,14,52),(1908,1,16,52),(1909,1,15,52),(1910,1,17,52),(1911,1,18,52),(1912,1,19,52),(1913,1,20,52),(1914,1,21,52),(1915,1,23,52),(1916,1,24,52),(1917,2,25,52),(1918,1,26,52),(1919,1,27,52),(1920,1,28,52),(1921,1,29,52),(1922,1,30,52),(1923,1,31,52),(1924,1,32,52),(1925,1,33,52),(1926,1,34,52),(1927,1,35,52),(1928,1,36,52),(1929,1,37,52),(1930,1,38,52),(1931,1,39,52),(1932,1,40,52),(1933,1,41,52),(1934,1,42,52),(1935,2,20,53),(1936,2,1,53),(1937,2,27,53),(1938,1,2,53),(1939,1,3,53),(1940,1,4,53),(1941,1,5,53),(1942,1,6,53),(1943,1,7,53),(1944,4,8,53),(1945,1,9,53),(1946,1,10,53),(1947,1,11,53),(1948,1,12,53),(1949,1,13,53),(1950,1,14,53),(1951,1,15,53),(1952,1,16,53),(1953,1,17,53),(1954,1,19,53),(1955,1,21,53),(1956,1,23,53),(1957,1,24,53),(1958,1,25,53),(1959,1,26,53),(1960,1,28,53),(1961,1,29,53),(1962,4,31,53),(1963,1,32,53),(1964,1,33,53),(1965,2,34,53),(1966,1,35,53),(1967,1,36,53),(1968,1,37,53),(1969,1,38,53),(1970,1,39,53),(1971,1,40,53),(1972,1,41,53),(1973,1,42,53),(1974,1,1,54),(1975,1,2,54),(1976,1,3,54),(1977,1,4,54),(1978,1,5,54),(1979,1,6,54),(1980,1,7,54),(1981,1,8,54),(1982,1,9,54),(1983,1,10,54),(1984,1,11,54),(1985,1,12,54),(1986,1,13,54),(1987,1,14,54),(1988,1,15,54),(1989,1,16,54),(1990,1,17,54),(1991,1,18,54),(1992,1,19,54),(1993,1,20,54),(1994,1,21,54),(1995,1,23,54),(1996,1,24,54),(1997,1,25,54),(1998,1,26,54),(1999,1,27,54),(2000,1,28,54),(2001,1,29,54),(2002,1,30,54),(2003,4,31,54),(2004,1,32,54),(2005,2,33,54),(2006,1,34,54),(2007,1,35,54),(2008,1,36,54),(2009,1,37,54),(2010,1,38,54),(2011,1,39,54),(2012,1,40,54),(2013,1,41,54),(2014,1,42,54),(2015,1,1,55),(2016,4,2,55),(2017,1,3,55),(2018,1,4,55),(2019,1,5,55),(2020,1,6,55),(2021,1,7,55),(2022,1,8,55),(2023,1,9,55),(2024,2,10,55),(2025,1,11,55),(2026,1,12,55),(2027,1,13,55),(2028,1,14,55),(2029,1,15,55),(2030,1,16,55),(2031,1,17,55),(2032,1,18,55),(2033,1,19,55),(2034,1,20,55),(2035,1,21,55),(2036,1,24,55),(2037,1,23,55),(2038,1,25,55),(2039,1,26,55),(2040,2,27,55),(2041,1,28,55),(2042,1,29,55),(2043,1,30,55),(2044,4,31,55),(2045,1,32,55),(2046,1,33,55),(2047,1,34,55),(2048,1,35,55),(2049,1,36,55),(2050,1,37,55),(2051,1,38,55),(2052,1,39,55),(2053,1,40,55),(2054,1,41,55),(2055,1,42,55),(2056,1,1,56),(2057,1,2,56),(2058,1,3,56),(2059,1,4,56),(2060,1,5,56),(2061,1,6,56),(2062,1,7,56),(2063,1,8,56),(2064,1,9,56),(2065,1,10,56),(2066,1,11,56),(2067,1,12,56),(2068,1,13,56),(2069,1,14,56),(2070,4,15,56),(2071,1,16,56),(2072,1,17,56),(2073,1,18,56),(2074,1,19,56),(2075,1,20,56),(2076,1,21,56),(2077,1,23,56),(2078,1,24,56),(2079,1,25,56),(2080,1,26,56),(2081,1,27,56),(2082,1,28,56),(2083,1,29,56),(2084,1,30,56),(2085,1,31,56),(2086,1,32,56),(2087,1,33,56),(2088,1,34,56),(2089,1,35,56),(2090,1,36,56),(2091,1,37,56),(2092,1,38,56),(2093,1,39,56),(2094,1,40,56),(2095,1,41,56),(2096,1,42,56),(2097,1,3,57),(2098,2,10,57),(2099,1,11,57),(2100,1,19,57),(2101,1,20,57),(2102,2,31,57),(2103,1,32,57),(2104,1,34,57),(2105,2,35,57),(2106,1,3,58),(2107,4,10,58),(2108,2,11,58),(2109,1,19,58),(2110,1,20,58),(2111,2,31,58),(2112,1,32,58),(2113,1,34,58),(2114,2,35,58),(2115,2,10,59),(2116,1,19,59),(2117,1,20,59),(2118,2,32,59),(2119,1,34,59),(2120,2,3,59),(2121,2,11,59),(2122,2,31,59),(2123,2,35,59),(2124,1,3,60),(2125,1,10,60),(2126,1,11,60),(2127,1,19,60),(2128,1,31,60),(2129,1,32,60),(2130,1,34,60),(2131,2,35,60),(2132,1,20,60),(2133,2,20,61),(2134,2,1,61),(2135,2,27,61),(2136,1,2,61),(2137,1,3,61),(2138,1,4,61),(2139,1,5,61),(2140,1,6,61),(2141,1,7,61),(2142,4,8,61),(2143,1,9,61),(2144,1,10,61),(2145,1,11,61),(2146,1,12,61),(2147,1,13,61),(2148,1,14,61),(2149,1,15,61),(2150,1,16,61),(2151,1,17,61),(2152,1,19,61),(2153,1,21,61),(2154,1,23,61),(2155,1,24,61),(2156,1,25,61),(2157,1,26,61),(2158,1,28,61),(2159,1,29,61),(2160,4,31,61),(2161,1,32,61),(2162,1,33,61),(2163,4,34,61),(2164,1,35,61),(2165,1,36,61),(2166,1,37,61),(2167,1,38,61),(2168,1,39,61),(2169,1,40,61),(2170,1,41,61),(2171,1,42,61),(2172,2,1,62),(2173,1,2,62),(2174,1,3,62),(2175,1,4,62),(2176,1,5,62),(2177,1,6,62),(2178,1,7,62),(2179,1,8,62),(2180,1,9,62),(2181,1,10,62),(2182,1,11,62),(2183,1,12,62),(2184,1,13,62),(2185,1,14,62),(2186,1,15,62),(2187,1,16,62),(2188,1,17,62),(2189,1,18,62),(2190,1,19,62),(2191,2,20,62),(2192,1,21,62),(2193,1,23,62),(2194,1,24,62),(2195,1,25,62),(2196,1,26,62),(2197,2,27,62),(2198,1,29,62),(2199,1,28,62),(2200,1,30,62),(2201,1,31,62),(2202,1,32,62),(2203,1,33,62),(2204,1,34,62),(2205,1,35,62),(2206,1,36,62),(2207,1,37,62),(2208,1,38,62),(2209,1,39,62),(2210,1,40,62),(2211,1,41,62),(2212,1,42,62),(2213,1,3,63),(2214,1,10,63),(2215,1,11,63),(2216,1,19,63),(2217,1,20,63),(2218,4,31,63),(2219,1,32,63),(2220,1,34,63),(2221,2,35,63),(2222,1,3,64),(2223,1,10,64),(2224,1,11,64),(2225,1,19,64),(2226,1,20,64),(2227,1,31,64),(2228,1,32,64),(2229,1,34,64),(2230,1,35,64),(2231,1,3,65),(2232,1,10,65),(2233,1,11,65),(2234,1,20,65),(2235,2,19,65),(2236,2,31,65),(2237,1,32,65),(2238,1,34,65),(2239,2,35,65),(2240,1,3,66),(2241,1,10,66),(2242,1,11,66),(2243,1,20,66),(2244,2,19,66),(2245,2,31,66),(2246,1,32,66),(2247,1,34,66),(2248,2,35,66),(2249,1,3,67),(2250,1,10,67),(2251,2,11,67),(2252,2,19,67),(2253,1,20,67),(2254,1,31,67),(2255,2,32,67),(2256,2,34,67),(2257,2,35,67),(2258,1,3,68),(2259,1,10,68),(2260,2,11,68),(2261,2,19,68),(2262,1,20,68),(2263,1,31,68),(2264,2,32,68),(2265,2,34,68),(2266,2,35,68),(2267,1,3,69),(2268,1,10,69),(2269,1,19,69),(2270,2,20,69),(2271,1,31,69),(2272,1,32,69),(2273,1,34,69),(2274,1,35,69),(2275,1,11,69),(2276,1,3,70),(2277,1,10,70),(2278,1,11,70),(2279,1,19,70),(2280,1,20,70),(2281,4,31,70),(2282,1,32,70),(2283,1,34,70),(2284,1,35,70),(2285,2,3,71),(2286,2,10,71),(2287,2,11,71),(2288,1,19,71),(2289,2,31,71),(2290,2,32,71),(2291,2,34,71),(2292,1,20,71),(2293,2,35,71),(2294,2,3,72),(2295,1,10,72),(2296,1,19,72),(2297,1,20,72),(2298,4,31,72),(2299,1,32,72),(2300,1,35,72),(2301,1,34,72),(2302,1,11,72),(2303,1,10,73),(2304,1,11,73),(2305,1,19,73),(2306,1,20,73),(2307,4,31,73),(2308,1,32,73),(2309,1,34,73),(2310,2,35,73),(2311,2,3,73),(2312,1,1,74),(2313,1,2,74),(2314,1,3,74),(2315,1,4,74),(2316,1,5,74),(2317,1,6,74),(2318,1,7,74),(2319,1,8,74),(2320,1,9,74),(2321,1,10,74),(2322,1,11,74),(2323,1,12,74),(2324,1,13,74),(2325,1,14,74),(2326,1,15,74),(2327,1,16,74),(2328,1,17,74),(2329,1,18,74),(2330,1,19,74),(2331,1,20,74),(2332,1,21,74),(2333,1,22,74),(2334,1,23,74),(2335,1,24,74),(2336,1,25,74),(2337,1,26,74),(2338,1,27,74),(2339,1,28,74),(2340,1,29,74),(2341,1,30,74),(2342,2,31,74),(2343,1,32,74),(2344,1,33,74),(2345,1,34,74),(2346,1,35,74),(2347,1,36,74),(2348,1,37,74),(2349,1,38,74),(2350,1,39,74),(2351,1,40,74),(2352,1,41,74),(2353,1,1,75),(2354,1,2,75),(2355,1,3,75),(2356,1,4,75),(2357,1,5,75),(2358,1,6,75),(2359,1,7,75),(2360,2,8,75),(2361,1,9,75),(2362,1,11,75),(2363,1,12,75),(2364,1,13,75),(2365,1,14,75),(2366,1,15,75),(2367,1,16,75),(2368,1,17,75),(2369,1,18,75),(2370,1,19,75),(2371,1,20,75),(2372,1,21,75),(2373,1,22,75),(2374,1,23,75),(2375,1,24,75),(2376,7,25,75),(2377,2,26,75),(2378,1,27,75),(2379,1,28,75),(2380,1,29,75),(2381,1,30,75),(2382,4,31,75),(2383,1,32,75),(2384,1,33,75),(2385,1,34,75),(2386,1,35,75),(2387,1,36,75),(2388,1,37,75),(2389,1,39,75),(2390,1,40,75),(2391,1,41,75),(2392,1,1,76),(2393,1,2,76),(2394,1,3,76),(2395,1,4,76),(2396,1,5,76),(2397,1,6,76),(2398,1,7,76),(2399,1,8,76),(2400,1,9,76),(2401,2,10,76),(2402,1,11,76),(2403,1,12,76),(2404,4,13,76),(2405,1,14,76),(2406,4,15,76),(2407,1,16,76),(2408,1,17,76),(2409,1,18,76),(2410,1,19,76),(2411,1,20,76),(2412,1,21,76),(2413,4,22,76),(2414,1,23,76),(2415,1,24,76),(2416,7,25,76),(2417,1,26,76),(2418,1,27,76),(2419,1,28,76),(2420,1,29,76),(2421,1,30,76),(2422,2,31,76),(2423,1,32,76),(2424,1,33,76),(2425,1,34,76),(2426,1,35,76),(2427,1,36,76),(2428,1,37,76),(2429,1,39,76),(2430,1,38,76),(2431,1,40,76),(2432,1,41,76),(2433,1,10,75),(2434,1,38,75),(2435,1,1,77),(2436,1,2,77),(2437,1,3,77),(2438,1,4,77),(2439,1,5,77),(2440,1,6,77),(2441,1,7,77),(2442,1,8,77),(2443,1,9,77),(2444,1,10,77),(2445,1,11,77),(2446,1,12,77),(2447,4,13,77),(2448,1,14,77),(2449,1,15,77),(2450,1,16,77),(2451,1,17,77),(2452,1,18,77),(2453,2,19,77),(2454,1,20,77),(2455,1,21,77),(2456,1,22,77),(2457,1,23,77),(2458,1,24,77),(2459,1,25,77),(2460,1,26,77),(2461,1,27,77),(2462,1,28,77),(2463,1,29,77),(2464,1,30,77),(2465,1,31,77),(2466,1,32,77),(2467,1,33,77),(2468,1,34,77),(2469,1,35,77),(2470,1,36,77),(2471,1,37,77),(2472,1,38,77),(2473,1,39,77),(2474,1,40,77),(2475,1,41,77),(2476,1,1,78),(2477,4,2,78),(2478,1,3,78),(2479,1,4,78),(2480,1,5,78),(2481,1,6,78),(2482,1,7,78),(2483,1,8,78),(2484,1,9,78),(2485,2,10,78),(2486,1,11,78),(2487,1,12,78),(2488,4,13,78),(2489,1,14,78),(2490,1,15,78),(2491,1,16,78),(2492,1,17,78),(2493,1,18,78),(2494,1,19,78),(2495,2,20,78),(2496,1,21,78),(2497,1,22,78),(2498,1,23,78),(2499,1,24,78),(2500,1,25,78),(2501,1,26,78),(2502,1,27,78),(2503,1,28,78),(2504,1,29,78),(2505,1,30,78),(2506,2,31,78),(2507,1,32,78),(2508,1,33,78),(2509,1,34,78),(2510,1,35,78),(2511,1,36,78),(2512,1,37,78),(2513,1,38,78),(2514,1,39,78),(2515,1,40,78),(2516,2,41,78),(2517,1,1,79),(2518,1,2,79),(2519,1,3,79),(2520,1,4,79),(2521,1,5,79),(2522,1,6,79),(2523,1,7,79),(2524,1,8,79),(2525,1,9,79),(2526,2,10,79),(2527,1,11,79),(2528,1,12,79),(2529,1,13,79),(2530,1,14,79),(2531,1,15,79),(2532,1,16,79),(2533,1,17,79),(2534,1,18,79),(2535,1,19,79),(2536,1,20,79),(2537,1,21,79),(2538,1,22,79),(2539,1,23,79),(2540,1,24,79),(2541,1,25,79),(2542,1,26,79),(2543,1,27,79),(2544,1,28,79),(2545,2,29,79),(2546,1,30,79),(2547,1,31,79),(2548,1,32,79),(2549,1,33,79),(2550,1,34,79),(2551,1,35,79),(2552,1,36,79),(2553,1,37,79),(2554,1,38,79),(2555,1,39,79),(2556,1,40,79),(2557,1,41,79),(2558,2,2,80),(2559,4,3,80),(2560,1,1,80),(2561,2,4,80),(2562,1,5,80),(2563,2,6,80),(2564,1,7,80),(2565,4,8,80),(2566,1,9,80),(2567,2,10,80),(2568,1,11,80),(2569,1,12,80),(2570,1,14,80),(2571,1,15,80),(2572,1,16,80),(2573,1,17,80),(2574,1,18,80),(2575,1,19,80),(2576,1,20,80),(2577,1,21,80),(2578,1,22,80),(2579,1,23,80),(2580,1,24,80),(2581,1,25,80),(2582,1,26,80),(2583,1,27,80),(2584,1,28,80),(2585,1,29,80),(2586,2,30,80),(2587,2,31,80),(2588,2,32,80),(2589,1,33,80),(2590,1,34,80),(2591,1,35,80),(2592,1,36,80),(2593,1,37,80),(2594,1,38,80),(2595,1,39,80),(2596,1,40,80),(2597,1,41,80),(2598,1,1,81),(2599,2,2,81),(2600,1,3,81),(2601,1,4,81),(2602,1,5,81),(2603,1,6,81),(2604,1,7,81),(2605,4,8,81),(2606,1,9,81),(2607,2,10,81),(2608,1,11,81),(2609,1,12,81),(2610,1,13,81),(2611,1,14,81),(2612,1,15,81),(2613,1,16,81),(2614,1,17,81),(2615,1,18,81),(2616,2,19,81),(2617,1,20,81),(2618,1,21,81),(2619,4,22,81),(2620,1,23,81),(2621,1,24,81),(2622,1,25,81),(2623,1,26,81),(2624,1,27,81),(2625,1,28,81),(2626,1,29,81),(2627,1,30,81),(2628,1,31,81),(2629,1,32,81),(2630,1,33,81),(2631,1,34,81),(2632,1,35,81),(2633,2,36,81),(2634,1,37,81),(2635,1,39,81),(2636,1,38,81),(2637,1,40,81),(2638,1,41,81),(2639,4,39,82),(2640,4,22,82),(2641,2,19,82),(2642,2,41,82),(2643,1,40,82),(2644,1,38,82),(2645,1,37,82),(2646,1,36,82),(2647,1,35,82),(2648,1,34,82),(2649,1,33,82),(2650,1,32,82),(2651,2,31,82),(2652,1,30,82),(2653,1,29,82),(2654,1,28,82),(2655,1,27,82),(2656,1,26,82),(2657,1,25,82),(2658,1,24,82),(2659,1,23,82),(2660,1,21,82),(2661,1,20,82),(2662,1,18,82),(2663,1,17,82),(2664,1,16,82),(2665,1,15,82),(2666,1,14,82),(2667,1,13,82),(2668,1,12,82),(2669,1,11,82),(2670,1,10,82),(2671,1,9,82),(2672,1,8,82),(2673,1,7,82),(2674,1,6,82),(2675,1,5,82),(2676,1,3,82),(2677,1,4,82),(2678,1,2,82),(2679,1,1,82),(2680,1,1,83),(2681,1,2,83),(2682,1,3,83),(2683,1,4,83),(2684,1,5,83),(2685,1,6,83),(2686,1,7,83),(2687,1,8,83),(2688,1,9,83),(2689,1,10,83),(2690,1,11,83),(2691,1,12,83),(2692,1,13,83),(2693,1,14,83),(2694,1,15,83),(2695,1,16,83),(2696,1,17,83),(2697,1,18,83),(2698,1,19,83),(2699,1,20,83),(2700,1,21,83),(2701,1,22,83),(2702,1,23,83),(2703,1,24,83),(2704,1,25,83),(2705,1,26,83),(2706,1,27,83),(2707,1,28,83),(2708,2,29,83),(2709,1,30,83),(2710,2,31,83),(2711,1,32,83),(2712,1,33,83),(2713,1,34,83),(2714,1,35,83),(2715,1,36,83),(2716,1,37,83),(2717,1,38,83),(2718,2,39,83),(2719,1,40,83),(2720,1,41,83),(2721,1,1,84),(2722,1,2,84),(2723,1,3,84),(2724,1,4,84),(2725,1,5,84),(2726,1,6,84),(2727,1,7,84),(2728,1,8,84),(2729,1,9,84),(2730,1,10,84),(2731,1,11,84),(2732,1,12,84),(2733,1,13,84),(2734,1,14,84),(2735,1,15,84),(2736,1,16,84),(2737,1,17,84),(2738,1,18,84),(2739,1,19,84),(2740,1,20,84),(2741,1,21,84),(2742,1,22,84),(2743,1,23,84),(2744,1,24,84),(2745,1,25,84),(2746,1,26,84),(2747,1,27,84),(2748,1,28,84),(2749,2,29,84),(2750,1,30,84),(2751,2,31,84),(2752,1,32,84),(2753,1,33,84),(2754,1,34,84),(2755,1,35,84),(2756,1,36,84),(2757,1,37,84),(2758,1,38,84),(2759,2,39,84),(2760,1,40,84),(2761,1,41,84),(2762,1,10,85),(2763,1,14,85),(2764,1,18,85),(2765,1,24,85),(2766,1,30,85),(2767,2,31,85),(2768,1,34,85),(2769,1,35,85),(2770,1,40,85),(2771,1,10,86),(2772,1,14,86),(2773,1,18,86),(2774,2,24,86),(2775,1,30,86),(2776,2,31,86),(2777,1,34,86),(2778,1,35,86),(2779,1,40,86),(2780,1,10,87),(2781,1,14,87),(2782,1,18,87),(2783,1,24,87),(2784,2,30,87),(2785,2,31,87),(2786,1,34,87),(2787,1,35,87),(2788,1,40,87),(2789,1,1,88),(2790,1,2,88),(2791,2,3,88),(2792,1,4,88),(2793,2,5,88),(2794,1,6,88),(2795,1,7,88),(2796,1,8,88),(2797,1,9,88),(2798,1,10,88),(2799,1,11,88),(2800,1,12,88),(2801,1,13,88),(2802,1,14,88),(2803,1,15,88),(2804,1,16,88),(2805,1,17,88),(2806,1,18,88),(2807,1,19,88),(2808,1,20,88),(2809,1,21,88),(2810,2,22,88),(2811,1,23,88),(2812,1,24,88),(2813,1,25,88),(2814,1,26,88),(2815,1,27,88),(2816,1,28,88),(2817,2,29,88),(2818,2,30,88),(2819,2,31,88),(2820,1,32,88),(2821,1,33,88),(2822,1,34,88),(2823,1,35,88),(2824,1,36,88),(2825,1,37,88),(2826,1,38,88),(2827,1,39,88),(2828,1,40,88),(2829,1,41,88),(2830,1,10,89),(2831,1,14,89),(2832,1,18,89),(2833,1,24,89),(2834,1,30,89),(2835,1,31,89),(2836,1,34,89),(2837,1,35,89),(2838,1,40,89),(2839,1,1,90),(2840,1,2,90),(2841,1,3,90),(2842,1,4,90),(2843,1,5,90),(2844,1,6,90),(2845,1,7,90),(2846,1,8,90),(2847,1,10,90),(2848,1,11,90),(2849,1,12,90),(2850,1,13,90),(2851,1,14,90),(2852,1,15,90),(2853,1,16,90),(2854,1,17,90),(2855,1,18,90),(2856,1,19,90),(2857,1,20,90),(2858,1,21,90),(2859,1,22,90),(2860,1,23,90),(2861,1,24,90),(2862,1,25,90),(2863,1,26,90),(2864,1,27,90),(2865,1,28,90),(2866,2,29,90),(2867,1,30,90),(2868,1,31,90),(2869,1,32,90),(2870,1,33,90),(2871,1,34,90),(2872,1,35,90),(2873,1,36,90),(2874,1,37,90),(2875,1,38,90),(2876,1,40,90),(2877,1,39,90),(2878,1,41,90),(2879,1,34,91),(2880,1,25,91),(2881,1,6,91),(2882,1,18,91),(2883,1,21,91),(2884,2,4,91),(2885,1,26,91),(2886,1,15,92),(2887,1,11,92),(2888,1,13,92),(2889,1,35,92),(2890,1,23,92),(2891,1,1,92),(2892,1,14,92);
/*!40000 ALTER TABLE `diputados_asistencia` ENABLE KEYS */;
UNLOCK TABLES;

--
-- Table structure for table `diputados_casagestion`
--

DROP TABLE IF EXISTS `diputados_casagestion`;
/*!40101 SET @saved_cs_client     = @@character_set_client */;
/*!40101 SET character_set_client = utf8 */;
CREATE TABLE `diputados_casagestion` (
  `id` int(11) NOT NULL AUTO_INCREMENT,
  `direccion` varchar(100) COLLATE utf8mb4_unicode_ci NOT NULL,
  `telefono` varchar(12) COLLATE utf8mb4_unicode_ci NOT NULL,
  `diputado_id` int(11) NOT NULL,
  PRIMARY KEY (`id`),
  KEY `diputados_casagestio_diputado_id_a244bc28_fk_diputados` (`diputado_id`),
  CONSTRAINT `diputados_casagestio_diputado_id_a244bc28_fk_diputados` FOREIGN KEY (`diputado_id`) REFERENCES `diputados_diputado` (`id`)
) ENGINE=InnoDB DEFAULT CHARSET=utf8mb4 COLLATE=utf8mb4_unicode_ci;
/*!40101 SET character_set_client = @saved_cs_client */;

--
-- Dumping data for table `diputados_casagestion`
--

LOCK TABLES `diputados_casagestion` WRITE;
/*!40000 ALTER TABLE `diputados_casagestion` DISABLE KEYS */;
/*!40000 ALTER TABLE `diputados_casagestion` ENABLE KEYS */;
UNLOCK TABLES;

--
-- Table structure for table `diputados_comision`
--

DROP TABLE IF EXISTS `diputados_comision`;
/*!40101 SET @saved_cs_client     = @@character_set_client */;
/*!40101 SET character_set_client = utf8 */;
CREATE TABLE `diputados_comision` (
  `id` int(11) NOT NULL AUTO_INCREMENT,
  `nombre` varchar(100) COLLATE utf8mb4_unicode_ci NOT NULL,
  PRIMARY KEY (`id`)
) ENGINE=InnoDB AUTO_INCREMENT=44 DEFAULT CHARSET=utf8mb4 COLLATE=utf8mb4_unicode_ci;
/*!40101 SET character_set_client = @saved_cs_client */;

--
-- Dumping data for table `diputados_comision`
--

LOCK TABLES `diputados_comision` WRITE;
/*!40000 ALTER TABLE `diputados_comision` DISABLE KEYS */;
INSERT INTO `diputados_comision` VALUES (1,'Comisión de Pueblos Indígenas'),(2,'Comisión de Asuntos Metropolitanos'),(3,'Comisión de Asuntos Municipales'),(4,'Comisión de Atención a Personas con Discapacidad'),(5,'Comisión de Ciencia y Tecnología'),(6,'Comisión de Comunicaciones e Infraestructura'),(7,'Comisión de Cultura'),(8,'Comisión de Derechos Humanos'),(9,'Comisión de Desarrollo Económico'),(10,'Comisión de Desarrollo Rural'),(11,'Comisión de Bienestar'),(12,'Comisión de Desarrollo Urbano'),(13,'Comisión de Educación'),(14,'Comisión de la Familia y los Derechos de la Niñez'),(15,'Comisión de Gobernación y Puntos Constitucionales'),(16,'Comisión de Grupos Vulnerables'),(17,'Comisión de Hacienda y Patrimonio Municipal'),(18,'Comisión de Igualdad de Género'),(19,'Comisión Inspectora de la Auditoría Superior del Estado'),(20,'Comisión Instructora'),(21,'Comisión de Juventud y Deporte'),(22,'Comisión de Medio Ambiente, Recursos Naturales y Cambio Climático'),(23,'Comisión de Migración y Asuntos Internacionales'),(24,'Comisión de Organizaciones No Gubernamentales'),(25,'Comisión de Participación Ciudadana y Combate a la Corrupción'),(26,'Comisión de Presupuesto y Crédito Público'),(27,'Comisión de Procuración y Administración de Justicia'),(28,'Comisión de Protección Civil'),(29,'Comisión de Salud'),(30,'Comisión de Seguridad Pública'),(31,'Comisión de Trabajo, Competitividad y Previsión Social'),(32,'Comisión de Transparencia y Acceso a la Información'),(33,'Comisión de Transportes y Movilidad'),(34,'Comisión de Turismo'),(35,'Comisión de Vivienda'),(36,'Comisión Especial para el Análisis y Seguimiento de la Elección a Gobernador del Estado de Puebla'),(37,'Comisión Especial de seguimiento de las labores de reconstrucción derivadas de los sismos del 2017'),(38,'Comité de Adquisiciones, Arrendamientos y Servicios'),(39,'Comité de Atención Ciudadana'),(40,'Comité de Comunicación Social'),(41,'Comité de Diario de Debates, Crónica Legislativa y Asuntos Editoriales'),(42,'Comité de Innovación y Tecnología'),(43,'Comisión Especial de Pueblos Mágicos para su Desarrollo Económico, Turístico y Social');
/*!40000 ALTER TABLE `diputados_comision` ENABLE KEYS */;
UNLOCK TABLES;

--
-- Table structure for table `diputados_comisiondiputado`
--

DROP TABLE IF EXISTS `diputados_comisiondiputado`;
/*!40101 SET @saved_cs_client     = @@character_set_client */;
/*!40101 SET character_set_client = utf8 */;
CREATE TABLE `diputados_comisiondiputado` (
  `id` int(11) NOT NULL AUTO_INCREMENT,
  `tipo_cargo` int(11) NOT NULL,
  `status` int(11) NOT NULL,
  `comision_id` int(11) NOT NULL,
  `diputado_id` int(11) NOT NULL,
  PRIMARY KEY (`id`),
  KEY `diputados_comisiondi_comision_id_47dc609c_fk_diputados` (`comision_id`),
  KEY `diputados_comisiondi_diputado_id_a56ebaf1_fk_diputados` (`diputado_id`),
  CONSTRAINT `diputados_comisiondi_comision_id_47dc609c_fk_diputados` FOREIGN KEY (`comision_id`) REFERENCES `diputados_comision` (`id`),
  CONSTRAINT `diputados_comisiondi_diputado_id_a56ebaf1_fk_diputados` FOREIGN KEY (`diputado_id`) REFERENCES `diputados_diputado` (`id`)
) ENGINE=InnoDB AUTO_INCREMENT=352 DEFAULT CHARSET=utf8mb4 COLLATE=utf8mb4_unicode_ci;
/*!40101 SET character_set_client = @saved_cs_client */;

--
-- Dumping data for table `diputados_comisiondiputado`
--

LOCK TABLES `diputados_comisiondiputado` WRITE;
/*!40000 ALTER TABLE `diputados_comisiondiputado` DISABLE KEYS */;
INSERT INTO `diputados_comisiondiputado` VALUES (1,3,1,15,17),(2,3,1,15,31),(3,3,1,15,18),(4,3,1,15,27),(5,1,1,15,8),(6,2,1,15,29),(7,3,1,15,37),(8,3,1,27,28),(9,3,1,27,37),(10,3,1,27,38),(11,3,1,27,32),(12,1,1,27,35),(13,2,1,27,25),(14,3,1,27,17),(15,3,1,17,10),(16,3,1,17,31),(17,3,1,17,3),(18,3,1,17,13),(19,3,1,17,16),(20,2,1,17,25),(21,1,1,17,23),(22,3,1,26,2),(23,3,1,26,34),(24,3,1,26,22),(25,3,1,26,10),(26,3,1,26,9),(27,2,1,26,36),(28,1,1,26,40),(29,3,1,10,13),(30,3,1,10,1),(31,3,1,10,23),(32,1,1,10,15),(33,2,1,10,11),(34,3,1,10,14),(35,3,1,10,35),(36,3,1,11,22),(37,1,1,11,18),(38,2,1,11,16),(39,3,1,11,12),(40,3,1,11,39),(41,3,1,11,6),(42,3,1,11,2),(43,3,1,6,1),(44,3,1,6,35),(45,3,1,6,3),(46,1,1,6,13),(47,3,1,6,26),(48,2,1,6,15),(49,3,1,6,38),(50,3,1,33,26),(51,3,1,33,10),(52,3,1,33,30),(53,3,1,33,22),(54,3,1,33,21),(55,2,1,33,15),(56,1,1,33,33),(57,1,1,29,41),(58,2,1,29,39),(59,3,1,29,6),(60,3,1,29,25),(61,3,1,29,27),(62,3,1,29,7),(63,3,1,29,2),(64,3,1,13,27),(65,2,1,13,36),(66,3,1,13,33),(67,1,1,13,4),(68,3,1,13,25),(69,3,1,13,7),(70,3,1,13,41),(71,3,1,31,9),(72,3,1,31,27),(73,1,1,31,21),(74,3,1,31,3),(75,3,1,31,39),(76,3,1,31,31),(77,2,1,31,11),(78,3,1,8,32),(79,3,1,8,6),(80,3,1,8,38),(81,3,1,8,18),(82,3,1,8,35),(83,2,1,8,10),(84,1,1,8,39),(85,3,1,18,14),(86,3,1,18,6),(87,3,1,18,17),(88,3,1,18,21),(89,3,1,18,10),(90,2,1,18,8),(91,1,1,18,38),(92,3,1,1,26),(93,3,1,1,4),(94,3,1,1,21),(95,3,1,1,18),(96,3,1,1,35),(97,2,1,1,25),(98,1,1,1,34),(99,3,1,19,30),(100,3,1,19,27),(101,3,1,19,13),(102,1,1,19,25),(103,2,1,19,17),(104,3,1,19,12),(105,3,1,19,11),(106,3,1,30,3),(107,3,1,30,5),(108,3,1,30,24),(109,3,1,30,10),(110,3,1,30,27),(111,2,1,30,35),(112,1,1,30,32),(113,2,1,28,14),(114,3,1,28,21),(115,1,1,28,22),(116,3,1,28,24),(117,3,1,28,27),(118,3,1,28,31),(119,3,1,28,36),(120,3,1,9,28),(121,3,1,9,22),(122,3,1,9,3),(123,3,1,9,21),(124,3,1,9,38),(125,1,1,9,31),(126,2,1,9,24),(127,3,1,22,31),(128,3,1,22,34),(129,3,1,22,13),(130,3,1,22,17),(131,3,1,22,2),(132,2,1,22,16),(133,1,1,22,10),(134,3,1,23,26),(135,3,1,23,23),(136,3,1,23,18),(137,3,1,23,15),(138,3,1,23,24),(139,2,1,23,3),(140,1,1,23,17),(141,3,1,3,40),(142,2,1,3,12),(143,3,1,3,27),(144,3,1,3,28),(145,3,1,3,33),(146,3,1,3,32),(147,1,1,3,36),(148,3,1,5,40),(149,3,1,5,13),(150,3,1,5,27),(151,3,1,5,37),(152,1,1,5,26),(153,3,1,5,10),(154,2,1,5,35),(155,3,1,21,14),(156,3,1,21,29),(157,3,1,21,23),(158,3,1,21,11),(159,3,1,21,24),(160,2,1,21,10),(161,1,1,21,16),(162,3,1,4,6),(163,3,1,4,15),(164,3,1,4,21),(165,3,1,4,16),(166,3,1,4,7),(167,2,1,4,41),(168,1,1,4,14),(169,2,1,20,25),(170,1,1,20,24),(171,3,1,20,38),(172,3,1,20,13),(173,3,1,20,37),(174,3,1,20,28),(175,3,1,20,5),(176,3,1,32,2),(177,3,1,32,37),(178,3,1,32,7),(179,3,1,32,39),(180,3,1,32,21),(181,2,1,32,27),(182,1,1,32,17),(183,3,1,34,6),(184,2,1,34,24),(185,3,1,34,21),(186,3,1,34,20),(187,3,1,34,17),(188,1,1,34,1),(189,3,1,34,40),(190,3,1,12,27),(191,3,1,12,9),(192,3,1,12,30),(193,3,1,12,33),(194,3,1,12,10),(195,2,1,12,13),(196,1,1,12,11),(197,3,1,35,33),(198,1,1,35,7),(199,3,1,35,23),(200,3,1,35,16),(201,3,1,35,15),(202,2,1,35,40),(203,3,1,35,4),(204,3,1,2,12),(205,2,1,2,27),(206,3,1,2,9),(207,3,1,2,29),(208,3,1,2,22),(209,1,1,2,3),(210,3,1,2,18),(211,3,1,16,34),(212,3,1,16,17),(213,3,1,16,36),(214,3,1,16,15),(215,3,1,16,41),(216,2,1,16,7),(217,1,1,16,6),(218,3,1,24,14),(219,3,1,24,37),(220,3,1,24,35),(221,3,1,24,24),(222,3,1,24,10),(223,2,1,24,12),(224,1,1,24,27),(225,3,1,7,22),(226,3,1,7,38),(227,3,1,7,8),(228,3,1,7,39),(229,3,1,7,40),(230,2,1,7,21),(231,1,1,7,2),(232,3,1,25,5),(233,1,1,25,30),(234,3,1,25,28),(235,3,1,25,26),(236,3,1,25,13),(237,3,1,25,34),(238,2,1,25,9),(239,3,1,14,5),(240,3,1,14,1),(241,3,1,14,2),(242,3,1,14,10),(243,3,1,14,21),(244,2,1,14,18),(245,1,1,14,29),(246,3,1,38,31),(247,3,1,38,37),(248,3,1,38,23),(249,3,1,38,21),(250,3,1,38,17),(251,2,1,38,9),(252,1,1,38,12),(253,3,1,41,35),(254,3,1,41,32),(255,3,1,41,19),(256,3,1,41,7),(257,3,1,41,17),(258,2,1,41,38),(259,1,1,41,5),(260,3,1,39,5),(261,3,1,39,41),(262,3,1,39,10),(263,3,1,39,36),(264,3,1,39,13),(265,2,1,39,34),(266,1,1,39,2),(267,3,1,42,37),(268,3,1,42,22),(269,3,1,42,12),(270,3,1,42,36),(271,3,1,42,41),(272,2,1,42,3),(273,1,1,42,27),(274,3,1,40,21),(275,3,1,40,28),(276,3,1,40,35),(277,3,1,40,37),(278,3,1,40,38),(279,2,1,40,13),(280,1,1,40,9),(281,3,1,37,10),(282,3,1,37,2),(283,3,1,37,37),(284,3,1,37,21),(285,3,1,37,23),(286,2,1,37,19),(287,1,1,37,22),(288,3,1,43,5),(289,3,1,43,38),(290,3,1,43,41),(291,3,1,43,17),(292,3,1,43,35),(293,2,1,43,18),(294,1,1,43,21),(311,3,1,36,25),(312,3,1,36,28),(313,3,1,36,13),(314,3,1,36,12),(315,3,1,36,36),(316,3,1,36,10),(317,2,1,36,21),(318,1,1,36,9);
/*!40000 ALTER TABLE `diputados_comisiondiputado` ENABLE KEYS */;
UNLOCK TABLES;

--
-- Table structure for table `diputados_cv`
--

DROP TABLE IF EXISTS `diputados_cv`;
/*!40101 SET @saved_cs_client     = @@character_set_client */;
/*!40101 SET character_set_client = utf8 */;
CREATE TABLE `diputados_cv` (
  `id` int(11) NOT NULL AUTO_INCREMENT,
  `datos_academicos` longtext COLLATE utf8mb4_unicode_ci NOT NULL,
  `datos_laborales` longtext COLLATE utf8mb4_unicode_ci NOT NULL,
  `otros_datos` longtext COLLATE utf8mb4_unicode_ci NOT NULL,
  `diputado_id` int(11) NOT NULL,
  PRIMARY KEY (`id`),
  UNIQUE KEY `diputado_id` (`diputado_id`),
  CONSTRAINT `diputados_cv_diputado_id_8e5d4182_fk_diputados_diputado_id` FOREIGN KEY (`diputado_id`) REFERENCES `diputados_diputado` (`id`)
) ENGINE=InnoDB DEFAULT CHARSET=utf8mb4 COLLATE=utf8mb4_unicode_ci;
/*!40101 SET character_set_client = @saved_cs_client */;

--
-- Dumping data for table `diputados_cv`
--

LOCK TABLES `diputados_cv` WRITE;
/*!40000 ALTER TABLE `diputados_cv` DISABLE KEYS */;
/*!40000 ALTER TABLE `diputados_cv` ENABLE KEYS */;
UNLOCK TABLES;

--
-- Table structure for table `diputados_diputado`
--

DROP TABLE IF EXISTS `diputados_diputado`;
/*!40101 SET @saved_cs_client     = @@character_set_client */;
/*!40101 SET character_set_client = utf8 */;
CREATE TABLE `diputados_diputado` (
  `id` int(11) NOT NULL AUTO_INCREMENT,
  `nombre` varchar(100) COLLATE utf8mb4_unicode_ci NOT NULL,
  `apellidos` varchar(100) COLLATE utf8mb4_unicode_ci NOT NULL,
  `sexo` int(11) NOT NULL,
  `tipo` int(11) NOT NULL,
  `fotografia` varchar(100) COLLATE utf8mb4_unicode_ci DEFAULT NULL,
  `email` varchar(150) COLLATE utf8mb4_unicode_ci NOT NULL,
  `telefono` varchar(25) COLLATE utf8mb4_unicode_ci NOT NULL,
  `sede` int(11) NOT NULL,
  `status` int(11) NOT NULL,
  `legislatura_id` int(11) NOT NULL,
  `partido_id` int(11) DEFAULT NULL,
  PRIMARY KEY (`id`),
  KEY `diputados_diputado_legislatura_id_a8a155c1_fk_diputados` (`legislatura_id`),
  KEY `diputados_diputado_partido_id_3faf1b4f_fk_diputados` (`partido_id`),
  CONSTRAINT `diputados_diputado_legislatura_id_a8a155c1_fk_diputados` FOREIGN KEY (`legislatura_id`) REFERENCES `diputados_legislatura` (`id`),
  CONSTRAINT `diputados_diputado_partido_id_3faf1b4f_fk_diputados` FOREIGN KEY (`partido_id`) REFERENCES `diputados_partidopolitico` (`id`)
) ENGINE=InnoDB AUTO_INCREMENT=45 DEFAULT CHARSET=utf8mb4 COLLATE=utf8mb4_unicode_ci;
/*!40101 SET character_set_client = @saved_cs_client */;

--
-- Dumping data for table `diputados_diputado`
--

LOCK TABLES `diputados_diputado` WRITE;
/*!40000 ALTER TABLE `diputados_diputado` DISABLE KEYS */;
INSERT INTO `diputados_diputado` VALUES (1,'Alejandra Guadalupe','Esquitín Lastirí',2,1,'diputados/fotos/ALEJANDRA_GUADALUPE_ESQUITIN_LASTIRI.jpg','dip.alejandra.esquitin@congresopuebla.gob.mx','146',2,1,1,6),(2,'Liliana','Luna Aguirre',2,1,'diputados/fotos/LILIANA_LUNA_AGUIRRE.jpg','dip.liliana.luna@congresopuebla.gob.mx','167',2,1,1,4),(3,'Raúl','Espinosa Martínez',1,1,'diputados/fotos/RAUL_ESPINOSA_MARTINEZ.jpg','dip.raul.espinosa@congresopuebla.gob.mx','176',2,1,1,2),(4,'Hugo','Alejo Domínguez',1,1,'diputados/fotos/HUGO_ALEJO_DOMINGUEZ.jpg','dip.hugo.alejo@congresopuebla.gob.mx','152',2,1,1,NULL),(5,'Nancy','Jiménez Morales',2,1,'diputados/fotos/NANCY_JIMENEZ_MORALES.jpg','dip.nancy.jimenez@congresopuebla.gob.mx','165',2,1,1,2),(6,'María del Carmen','Saavedra Fernández',2,1,'diputados/fotos/MARIA_DEL_CARMEN_SAAVEDRA_FERNANDEZ.jpg','dip.mariadelcarmen.saavedra@congresopuebla.gob.mx','217',2,1,1,1),(7,'Bárbara Dimpna','Morán Añorve',2,1,'diputados/fotos/BARBARA_DIMPNA_MORAN_ANORVE.jpg','dip.barbara.moran@congresopuebla.gob.mx','162',1,1,1,1),(8,'Rafaela Vianey','García Romero',2,1,'diputados/fotos/RAFAELA_VIANEY_GARCIA_ROMERO.jpg','dip.vianey.garcia@congresopuebla.gob.mx','223',1,1,1,1),(9,'Delfina Leonor','Vargas Gallegos',2,1,'diputados/fotos/DELFINA_LEONOR_VARGAS_GALLEGOS.jpg','dip.delfina.vargas@congresopuebla.gob.mx','185',1,4,1,1),(10,'Nora Yessica','Merino Escamilla',2,1,'diputados/fotos/NORA_YESSICA_MERINO_ESCAMILLA.jpg','dip.nora.merino@congresopuebla.gob.mx','185',1,1,1,1),(11,'Emilio Ernesto','Maurer Espinosa',1,1,'diputados/fotos/EMILIO_ERNESTO_MAURER_ESPINOSA.jpg','dip.emilio.maurer@congresopuebla.gob.mx','231',1,1,1,1),(12,'José Miguel','Trujillo de Ita',1,1,'diputados/fotos/JOSE_MIGUEL_TRUJILLO_DE_ITA.jpg','dip.miguel.trujillo@congresopuebla.gob.mx','128',1,1,1,8),(13,'Raymundo','Atanacio Luna',1,1,'diputados/fotos/RAYMUNDO_ATANACIO_LUNA.jpg','dip.raymundo.atanacio@congresopuebla.gob.mx','196',1,1,1,9),(14,'Uruviel','González Vieyra',1,1,'diputados/fotos/URUVIEL_GONZALEZ_VIEYRA.jpg','dip.uruviel.gonzalez@congresopuebla.gob.mx','161',2,1,1,7),(15,'Arturo','de Rosas Cuevas',1,1,'diputados/fotos/ARTURO_DE_ROSAS_CUEVAS.jpg','dip.arturoderosas@congresopuebla.gob.mx','194',1,1,1,9),(16,'Yadira','Lira Navarro',2,1,'diputados/fotos/YADIRA_LIRA_NAVARRO.jpg','dip.yadira.lira@congresopuebla.gob.mx','187',1,4,1,1),(17,'Mónica','Lara Chávez',2,1,'diputados/fotos/MONICA_LARA_CHAVEZ.jpg','dip.monica.lara@congresopuebla.gob.mx','148',1,1,1,8),(18,'Tonantzin','Fernández Díaz',2,1,'diputados/fotos/TONANTZIN_FERNANDEZ_DIAZ.jpg','dip.tonantzin.fernandez@congresopuebla.gob.mx','171',1,1,1,1),(19,'Héctor Eduardo','Alonso Granados',1,1,'diputados/fotos/HECTOR_EDUARDO_ALONSO_GRANADOS.jpg','dip.hector.alonso@congresopuebla.gob.mx','156',1,1,1,6),(20,'José Juan','Espinosa Torres',1,1,'diputados/fotos/JOSE_JUAN_ESPINOSA_TORRES.jpg','dip.jose.espinosa@congresopuebla.gob.mx','129',1,1,1,9),(21,'Guadalupe','Muciño Muñoz',2,1,'diputados/fotos/GUADALUPE_MUCINO_MUNOZ.jpg','dip.guadalupe.mucino@congresopuebla.gob.mx','235',1,1,1,9),(22,'Ángel Gerardo','Islas Maldonado',1,1,'diputados/fotos/ANGEL_GERARDO_ISLAS_MALDONADO.jpg','dip.angel.islas@congresopuebla.gob.mx','117',2,1,1,10),(23,'Nibardo','Hernández Sánchez',1,1,'diputados/fotos/NIBARDO_HERNANDEZ_SANCHEZ.jpg','dip.nibardo.hernandez@congresopuebla.gob.mx','177',2,1,1,3),(24,'Fernando','Sánchez Sasia',1,1,'diputados/fotos/FERNANDO_SANCHEZ_SASIA.jpg','dip.fernando.sanchez@congresopuebla.gob.mx','179',1,1,1,1),(25,'Olga Lucía','Romero Garci Crespo',2,1,'diputados/fotos/OLGA_LUCIA_ROMERO_GARCI-CRESPO.jpg','dip.olga.romero@congresopuebla.gob.mx','0',1,1,1,1),(26,'José Armando','García Avendaño',1,1,'diputados/fotos/JOSE_ARMANDO_GARCIA_AVENDANO.jpg','dip.armando.garcia@congresopuebla.gob.mx','141',2,1,1,4),(27,'Javier','Casique Zárate',1,2,'diputados/fotos/JAVIER_CASIQUE_ZARATE.jpg','dip.javier.casique@congresopuebla.gob.mx','0',2,1,1,3),(28,'Gabriel Juan Manuel','Biestro Medinilla',1,2,'diputados/fotos/GABRIEL_JUAN_MANUEL_BIESTRO_MEDINILLA.jpg','dip.gabriel.biestro@congresopuebla.gob.mx','175',1,1,1,1),(29,'Mónica','Rodríguez Della Vecchia',2,2,'diputados/fotos/MONICA_RODRIGUEZ_DELLA_VECCHIA.jpg','dip.monica.rodriguez@congresopuebla.gob.mx','149',2,1,1,2),(30,'Gabriel Oswaldo','Jiménez López',1,2,'diputados/fotos/GABRIEL_OSWALDO_JIMENEZ_LOPEZ.jpg','dip.oswaldo.jimenez@congresopuebla.gob.mx','160',2,1,1,2),(31,'Juan Pablo','Kuri Carballo',1,2,'diputados/fotos/JUAN_PABLO_KURI_CARBALLO.jpg','dip.juan.kuri@congresopuebla.gob.mx','182',1,1,1,5),(32,'Carlos Alberto','Morales Álvarez',1,2,'diputados/fotos/CARLOS_ALBERTO_MORALES_ALVARES.jpg','dip.carlos.morales@congresopuebla.gob.mx','193',2,1,1,6),(33,'Iván Jonathan','Collantes Cabañas',1,2,'diputados/fotos/IVAN_JONATHAN_COLLANTES_CABANAS.jpg','dip.jonathan.collantes@congresopuebla.gob.mx','163',2,1,1,NULL),(34,'Josefina','García Hernández',2,2,'diputados/fotos/JOSEFINA_GARCIA_HERNANDEZ.jpg','dip.josefina.garcia@congresopuebla.gob.mx','234',1,1,1,3),(35,'María del Carmen','Cabrera Camacho',2,2,'diputados/fotos/MARIA_DEL_CARMEN_CABRERA_CAMACHO.jpg','dip.mariadelcarmen.camacho@congresopuebla.gob.mx','179',1,1,1,9),(36,'Valentín','Medel Hernández',1,2,'diputados/fotos/VALENTIN_MEDEL_HERNANDEZ.jpg','dip.valentin.medel@congresopuebla.gob.mx','233',1,1,1,9),(37,'Marcelo Eugenio','García Almaguer',1,2,'diputados/fotos/MARCELO_EUGENIO_GARCIA_ALMAGUER.jpg','dip.marcelo.garcia@congresopuebla.gob.mx','174',2,1,1,NULL),(38,'María del Rocío','García Olmedo',2,2,'diputados/fotos/MARIA_DEL_ROCIO_GARCIA_OLMEDO.jpg','dip.mariadelrocio.garcia@congresopuebla.gob.mx','158',1,1,1,3),(39,'Estefanía','Rodríguez Sandoval',2,2,'diputados/fotos/ESTEFANIA_RODRIGUEZ_SANDOVAL.jpg','dip.estefania.rodriguez@congresopuebla.gob.mx','230',1,1,1,1),(40,'Luis Fernando','Jara Vargas',1,2,'diputados/fotos/LUIS_FERNANDO_JARA_VARGAS.jpg','dip.luis.jara@congresopuebla.gob.mx','142',1,1,1,1),(41,'Cristina','Tello Rosas',2,2,'diputados/fotos/CRISTINA_TELLO_ROSAS.jpg','dip.cristina.tello@congresopuebla.gob.mx','227',1,1,1,1),(42,'José Luis','Rosas Quiñones',1,1,'','dip.joseluis.rosas@congresopuebla.mx','0',1,2,1,10),(43,'Guadalupe','Tlaque Cuazitl',2,1,'diputados/fotos/GUADALUPE_TLAQUE_CUAZITL.jpg','dip.guadalupe.tlaque@congresopuebla.mx','170',1,1,1,1),(44,'Iliana Paola','Ruíz García',2,1,'diputados/fotos/ILIANA_PAOLA_RUIZ_GARCIA.jpg','dip.paola.ruiz@congresopuebla.gob.mx','187',1,1,1,1);
/*!40000 ALTER TABLE `diputados_diputado` ENABLE KEYS */;
UNLOCK TABLES;

--
-- Table structure for table `diputados_diputadoindependiente`
--

DROP TABLE IF EXISTS `diputados_diputadoindependiente`;
/*!40101 SET @saved_cs_client     = @@character_set_client */;
/*!40101 SET character_set_client = utf8 */;
CREATE TABLE `diputados_diputadoindependiente` (
  `diputado_ptr_id` int(11) NOT NULL,
  `es_independiente` tinyint(1) NOT NULL,
  PRIMARY KEY (`diputado_ptr_id`),
  CONSTRAINT `diputados_diputadoin_diputado_ptr_id_c1b16ef6_fk_diputados` FOREIGN KEY (`diputado_ptr_id`) REFERENCES `diputados_diputado` (`id`)
) ENGINE=InnoDB DEFAULT CHARSET=utf8mb4 COLLATE=utf8mb4_unicode_ci;
/*!40101 SET character_set_client = @saved_cs_client */;

--
-- Dumping data for table `diputados_diputadoindependiente`
--

LOCK TABLES `diputados_diputadoindependiente` WRITE;
/*!40000 ALTER TABLE `diputados_diputadoindependiente` DISABLE KEYS */;
/*!40000 ALTER TABLE `diputados_diputadoindependiente` ENABLE KEYS */;
UNLOCK TABLES;

--
-- Table structure for table `diputados_diputadoorganolegislativo`
--

DROP TABLE IF EXISTS `diputados_diputadoorganolegislativo`;
/*!40101 SET @saved_cs_client     = @@character_set_client */;
/*!40101 SET character_set_client = utf8 */;
CREATE TABLE `diputados_diputadoorganolegislativo` (
  `id` int(11) NOT NULL AUTO_INCREMENT,
  `tipo_cargo` int(11) NOT NULL,
  `status` int(11) NOT NULL,
  `diputado_id` int(11) NOT NULL,
  `organo_id` int(11) NOT NULL,
  PRIMARY KEY (`id`),
  KEY `diputados_diputadoor_organo_id_1011237d_fk_diputados` (`organo_id`),
  KEY `diputados_diputadoor_diputado_id_0ef0178c_fk_diputados` (`diputado_id`),
  CONSTRAINT `diputados_diputadoor_diputado_id_0ef0178c_fk_diputados` FOREIGN KEY (`diputado_id`) REFERENCES `diputados_diputado` (`id`),
  CONSTRAINT `diputados_diputadoor_organo_id_1011237d_fk_diputados` FOREIGN KEY (`organo_id`) REFERENCES `diputados_organolegislativo` (`id`)
) ENGINE=InnoDB DEFAULT CHARSET=utf8mb4 COLLATE=utf8mb4_unicode_ci;
/*!40101 SET character_set_client = @saved_cs_client */;

--
-- Dumping data for table `diputados_diputadoorganolegislativo`
--

LOCK TABLES `diputados_diputadoorganolegislativo` WRITE;
/*!40000 ALTER TABLE `diputados_diputadoorganolegislativo` DISABLE KEYS */;
/*!40000 ALTER TABLE `diputados_diputadoorganolegislativo` ENABLE KEYS */;
UNLOCK TABLES;

--
-- Table structure for table `diputados_diputadosuplente`
--

DROP TABLE IF EXISTS `diputados_diputadosuplente`;
/*!40101 SET @saved_cs_client     = @@character_set_client */;
/*!40101 SET character_set_client = utf8 */;
CREATE TABLE `diputados_diputadosuplente` (
  `id` int(11) NOT NULL AUTO_INCREMENT,
  `fecha_inicio` date NOT NULL,
  `diputado_propietario_id` int(11) DEFAULT NULL,
  `diputado_suplente_id` int(11) NOT NULL,
  PRIMARY KEY (`id`),
  UNIQUE KEY `diputado_suplente_id` (`diputado_suplente_id`),
  UNIQUE KEY `diputado_propietario_id` (`diputado_propietario_id`),
  CONSTRAINT `diputados_diputadosu_diputado_propietario_85604fcf_fk_diputados` FOREIGN KEY (`diputado_propietario_id`) REFERENCES `diputados_diputado` (`id`),
  CONSTRAINT `diputados_diputadosu_diputado_suplente_id_5d41916f_fk_diputados` FOREIGN KEY (`diputado_suplente_id`) REFERENCES `diputados_diputado` (`id`)
) ENGINE=InnoDB DEFAULT CHARSET=utf8mb4 COLLATE=utf8mb4_unicode_ci;
/*!40101 SET character_set_client = @saved_cs_client */;

--
-- Dumping data for table `diputados_diputadosuplente`
--

LOCK TABLES `diputados_diputadosuplente` WRITE;
/*!40000 ALTER TABLE `diputados_diputadosuplente` DISABLE KEYS */;
/*!40000 ALTER TABLE `diputados_diputadosuplente` ENABLE KEYS */;
UNLOCK TABLES;

--
-- Table structure for table `diputados_distrito`
--

DROP TABLE IF EXISTS `diputados_distrito`;
/*!40101 SET @saved_cs_client     = @@character_set_client */;
/*!40101 SET character_set_client = utf8 */;
CREATE TABLE `diputados_distrito` (
  `id` int(11) NOT NULL AUTO_INCREMENT,
  `numero` int(11) NOT NULL,
  `nombre` varchar(50) COLLATE utf8mb4_unicode_ci NOT NULL,
  `diputado_id` int(11) DEFAULT NULL,
  `status` int(11) NOT NULL,
  PRIMARY KEY (`id`),
  UNIQUE KEY `diputado_id` (`diputado_id`),
  CONSTRAINT `diputados_distrito_diputado_id_4cbcbab7_fk_diputados_diputado_id` FOREIGN KEY (`diputado_id`) REFERENCES `diputados_diputado` (`id`)
) ENGINE=InnoDB AUTO_INCREMENT=27 DEFAULT CHARSET=utf8mb4 COLLATE=utf8mb4_unicode_ci;
/*!40101 SET character_set_client = @saved_cs_client */;

--
-- Dumping data for table `diputados_distrito`
--

LOCK TABLES `diputados_distrito` WRITE;
/*!40000 ALTER TABLE `diputados_distrito` DISABLE KEYS */;
INSERT INTO `diputados_distrito` VALUES (1,1,'Xicotepec de Juárez',1,1),(2,2,'Huauchinango de Degollado',2,1),(3,3,'Zacatlán',3,1),(4,4,'Zacapoaxtla',4,1),(5,5,'Tlatlauquitepec',5,1),(6,6,'Teziutlán',6,1),(7,7,'San Martín Texmelucan de Labastida',7,1),(8,8,'Huejotzingo',8,1),(9,9,'Heroica Puebla de Zaragoza',43,1),(10,10,'Heroica Puebla de Zaragoza',10,1),(11,11,'Heroica Puebla de Zaragoza',11,1),(12,12,'Amozoc de Mota',12,1),(13,13,'Tepeaca',13,1),(14,14,'Ciudad Serdán',14,1),(15,15,'Tecamachalco',15,1),(16,16,'Heroica Puebla de Zaragoza',44,1),(17,17,'Heroica Puebla de Zaragoza',17,1),(18,18,'Cholula de Rivadavia',18,1),(19,19,'Heroica Puebla de Zaragoza',19,1),(20,20,'Heroica Puebla de Zaragoza',20,1),(21,21,'Atlixco',21,1),(22,22,'Izúcar de Matamoros',22,1),(23,23,'Acatlán de Osorio',23,1),(24,24,'Tehuacán',24,1),(25,25,'Tehuacán',25,1),(26,26,'Ajalpan',26,1);
/*!40000 ALTER TABLE `diputados_distrito` ENABLE KEYS */;
UNLOCK TABLES;

--
-- Table structure for table `diputados_documento`
--

DROP TABLE IF EXISTS `diputados_documento`;
/*!40101 SET @saved_cs_client     = @@character_set_client */;
/*!40101 SET character_set_client = utf8 */;
CREATE TABLE `diputados_documento` (
  `id` int(11) NOT NULL AUTO_INCREMENT,
  `nombre` varchar(150) COLLATE utf8mb4_unicode_ci NOT NULL,
  `tipo` int(11) NOT NULL,
  PRIMARY KEY (`id`)
) ENGINE=InnoDB DEFAULT CHARSET=utf8mb4 COLLATE=utf8mb4_unicode_ci;
/*!40101 SET character_set_client = @saved_cs_client */;

--
-- Dumping data for table `diputados_documento`
--

LOCK TABLES `diputados_documento` WRITE;
/*!40000 ALTER TABLE `diputados_documento` DISABLE KEYS */;
/*!40000 ALTER TABLE `diputados_documento` ENABLE KEYS */;
UNLOCK TABLES;

--
-- Table structure for table `diputados_documentocomision`
--

DROP TABLE IF EXISTS `diputados_documentocomision`;
/*!40101 SET @saved_cs_client     = @@character_set_client */;
/*!40101 SET character_set_client = utf8 */;
CREATE TABLE `diputados_documentocomision` (
  `documento_ptr_id` int(11) NOT NULL,
  `url_documento` varchar(100) COLLATE utf8mb4_unicode_ci NOT NULL,
  `comision_id` int(11) NOT NULL,
  PRIMARY KEY (`documento_ptr_id`),
  KEY `diputados_documentoc_comision_id_50706623_fk_diputados` (`comision_id`),
  CONSTRAINT `diputados_documentoc_comision_id_50706623_fk_diputados` FOREIGN KEY (`comision_id`) REFERENCES `diputados_comision` (`id`),
  CONSTRAINT `diputados_documentoc_documento_ptr_id_1afaf914_fk_diputados` FOREIGN KEY (`documento_ptr_id`) REFERENCES `diputados_documento` (`id`)
) ENGINE=InnoDB DEFAULT CHARSET=utf8mb4 COLLATE=utf8mb4_unicode_ci;
/*!40101 SET character_set_client = @saved_cs_client */;

--
-- Dumping data for table `diputados_documentocomision`
--

LOCK TABLES `diputados_documentocomision` WRITE;
/*!40000 ALTER TABLE `diputados_documentocomision` DISABLE KEYS */;
/*!40000 ALTER TABLE `diputados_documentocomision` ENABLE KEYS */;
UNLOCK TABLES;

--
-- Table structure for table `diputados_documentodiputado`
--

DROP TABLE IF EXISTS `diputados_documentodiputado`;
/*!40101 SET @saved_cs_client     = @@character_set_client */;
/*!40101 SET character_set_client = utf8 */;
CREATE TABLE `diputados_documentodiputado` (
  `documento_ptr_id` int(11) NOT NULL,
  `url_documento` varchar(100) COLLATE utf8mb4_unicode_ci NOT NULL,
  `diputado_id` int(11) NOT NULL,
  PRIMARY KEY (`documento_ptr_id`),
  KEY `diputados_documentod_diputado_id_3be5eae8_fk_diputados` (`diputado_id`),
  CONSTRAINT `diputados_documentod_diputado_id_3be5eae8_fk_diputados` FOREIGN KEY (`diputado_id`) REFERENCES `diputados_diputado` (`id`),
  CONSTRAINT `diputados_documentod_documento_ptr_id_cd654475_fk_diputados` FOREIGN KEY (`documento_ptr_id`) REFERENCES `diputados_documento` (`id`)
) ENGINE=InnoDB DEFAULT CHARSET=utf8mb4 COLLATE=utf8mb4_unicode_ci;
/*!40101 SET character_set_client = @saved_cs_client */;

--
-- Dumping data for table `diputados_documentodiputado`
--

LOCK TABLES `diputados_documentodiputado` WRITE;
/*!40000 ALTER TABLE `diputados_documentodiputado` DISABLE KEYS */;
/*!40000 ALTER TABLE `diputados_documentodiputado` ENABLE KEYS */;
UNLOCK TABLES;

--
-- Table structure for table `diputados_documentosesion`
--

DROP TABLE IF EXISTS `diputados_documentosesion`;
/*!40101 SET @saved_cs_client     = @@character_set_client */;
/*!40101 SET character_set_client = utf8 */;
CREATE TABLE `diputados_documentosesion` (
  `documento_ptr_id` int(11) NOT NULL,
  `url_documento` varchar(100) COLLATE utf8mb4_unicode_ci NOT NULL,
  `tema_id` int(11) NOT NULL,
  PRIMARY KEY (`documento_ptr_id`),
  KEY `diputados_documentosesion_tema_id_46f3bef8_fk_diputados_tema_id` (`tema_id`),
  CONSTRAINT `diputados_documentos_documento_ptr_id_0b4cf215_fk_diputados` FOREIGN KEY (`documento_ptr_id`) REFERENCES `diputados_documento` (`id`),
  CONSTRAINT `diputados_documentosesion_tema_id_46f3bef8_fk_diputados_tema_id` FOREIGN KEY (`tema_id`) REFERENCES `diputados_tema` (`id`)
) ENGINE=InnoDB DEFAULT CHARSET=utf8mb4 COLLATE=utf8mb4_unicode_ci;
/*!40101 SET character_set_client = @saved_cs_client */;

--
-- Dumping data for table `diputados_documentosesion`
--

LOCK TABLES `diputados_documentosesion` WRITE;
/*!40000 ALTER TABLE `diputados_documentosesion` DISABLE KEYS */;
/*!40000 ALTER TABLE `diputados_documentosesion` ENABLE KEYS */;
UNLOCK TABLES;

--
-- Table structure for table `diputados_legislatura`
--

DROP TABLE IF EXISTS `diputados_legislatura`;
/*!40101 SET @saved_cs_client     = @@character_set_client */;
/*!40101 SET character_set_client = utf8 */;
CREATE TABLE `diputados_legislatura` (
  `id` int(11) NOT NULL AUTO_INCREMENT,
  `nombre` varchar(20) COLLATE utf8mb4_unicode_ci NOT NULL,
  `inicio` date NOT NULL,
  `fin` date NOT NULL,
  `status` int(11) NOT NULL,
  PRIMARY KEY (`id`)
) ENGINE=InnoDB AUTO_INCREMENT=2 DEFAULT CHARSET=utf8mb4 COLLATE=utf8mb4_unicode_ci;
/*!40101 SET character_set_client = @saved_cs_client */;

--
-- Dumping data for table `diputados_legislatura`
--

LOCK TABLES `diputados_legislatura` WRITE;
/*!40000 ALTER TABLE `diputados_legislatura` DISABLE KEYS */;
INSERT INTO `diputados_legislatura` VALUES (1,'LX','2018-09-15','2021-09-14',1);
/*!40000 ALTER TABLE `diputados_legislatura` ENABLE KEYS */;
UNLOCK TABLES;

--
-- Table structure for table `diputados_licencia`
--

DROP TABLE IF EXISTS `diputados_licencia`;
/*!40101 SET @saved_cs_client     = @@character_set_client */;
/*!40101 SET character_set_client = utf8 */;
CREATE TABLE `diputados_licencia` (
  `id` int(11) NOT NULL AUTO_INCREMENT,
  `inicio` date NOT NULL,
  `fin` date DEFAULT NULL,
  `tipo` int(11) NOT NULL,
  `diputado_id` int(11) NOT NULL,
  PRIMARY KEY (`id`),
  KEY `diputados_licencia_diputado_id_ae1efc67_fk_diputados_diputado_id` (`diputado_id`),
  CONSTRAINT `diputados_licencia_diputado_id_ae1efc67_fk_diputados_diputado_id` FOREIGN KEY (`diputado_id`) REFERENCES `diputados_diputado` (`id`)
) ENGINE=InnoDB DEFAULT CHARSET=utf8mb4 COLLATE=utf8mb4_unicode_ci;
/*!40101 SET character_set_client = @saved_cs_client */;

--
-- Dumping data for table `diputados_licencia`
--

LOCK TABLES `diputados_licencia` WRITE;
/*!40000 ALTER TABLE `diputados_licencia` DISABLE KEYS */;
/*!40000 ALTER TABLE `diputados_licencia` ENABLE KEYS */;
UNLOCK TABLES;

--
-- Table structure for table `diputados_organolegislativo`
--

DROP TABLE IF EXISTS `diputados_organolegislativo`;
/*!40101 SET @saved_cs_client     = @@character_set_client */;
/*!40101 SET character_set_client = utf8 */;
CREATE TABLE `diputados_organolegislativo` (
  `id` int(11) NOT NULL AUTO_INCREMENT,
  `nombre` varchar(50) COLLATE utf8mb4_unicode_ci NOT NULL,
  `tipo` int(11) NOT NULL,
  `status` int(11) NOT NULL,
  `inicio` date NOT NULL,
  `fin` date NOT NULL,
  `legislatura_id` int(11) DEFAULT NULL,
  PRIMARY KEY (`id`),
  KEY `diputados_organolegi_legislatura_id_d9e14f1e_fk_diputados` (`legislatura_id`),
  CONSTRAINT `diputados_organolegi_legislatura_id_d9e14f1e_fk_diputados` FOREIGN KEY (`legislatura_id`) REFERENCES `diputados_legislatura` (`id`)
) ENGINE=InnoDB DEFAULT CHARSET=utf8mb4 COLLATE=utf8mb4_unicode_ci;
/*!40101 SET character_set_client = @saved_cs_client */;

--
-- Dumping data for table `diputados_organolegislativo`
--

LOCK TABLES `diputados_organolegislativo` WRITE;
/*!40000 ALTER TABLE `diputados_organolegislativo` DISABLE KEYS */;
/*!40000 ALTER TABLE `diputados_organolegislativo` ENABLE KEYS */;
UNLOCK TABLES;

--
-- Table structure for table `diputados_partidopolitico`
--

DROP TABLE IF EXISTS `diputados_partidopolitico`;
/*!40101 SET @saved_cs_client     = @@character_set_client */;
/*!40101 SET character_set_client = utf8 */;
CREATE TABLE `diputados_partidopolitico` (
  `id` int(11) NOT NULL AUTO_INCREMENT,
  `nombre` varchar(100) COLLATE utf8mb4_unicode_ci NOT NULL,
  `siglas` varchar(10) COLLATE utf8mb4_unicode_ci DEFAULT NULL,
  `logo` varchar(100) COLLATE utf8mb4_unicode_ci DEFAULT NULL,
  PRIMARY KEY (`id`)
) ENGINE=InnoDB AUTO_INCREMENT=11 DEFAULT CHARSET=utf8mb4 COLLATE=utf8mb4_unicode_ci;
/*!40101 SET character_set_client = @saved_cs_client */;

--
-- Dumping data for table `diputados_partidopolitico`
--

LOCK TABLES `diputados_partidopolitico` WRITE;
/*!40000 ALTER TABLE `diputados_partidopolitico` DISABLE KEYS */;
INSERT INTO `diputados_partidopolitico` VALUES (1,'Movimiento Regeneración Nacional','MORENA','partidos/logos/morena.png'),(2,'Partido Acción Nacional','PAN','partidos/logos/pan.png'),(3,'Partido Revolucionario Institucional','PRI','partidos/logos/pri.png'),(4,'Partido de la Revolución Democratica','PRD','partidos/logos/prd.png'),(5,'Partido Verde Ecológista de México','PVEM','partidos/logos/pvem.png'),(6,'Movimiento Ciudadano','MC','partidos/logos/mc.png'),(7,'Compromiso por Puebla','CP','partidos/logos/cpp.png'),(8,'Partido Encuentro Social','PES','partidos/logos/pes.png'),(9,'Partido del Trabajo','PT','partidos/logos/pt.png'),(10,'Partido Nueva Alianza','PANAL','partidos/logos/pna.png');
/*!40000 ALTER TABLE `diputados_partidopolitico` ENABLE KEYS */;
UNLOCK TABLES;

--
-- Table structure for table `diputados_redessociales`
--

DROP TABLE IF EXISTS `diputados_redessociales`;
/*!40101 SET @saved_cs_client     = @@character_set_client */;
/*!40101 SET character_set_client = utf8 */;
CREATE TABLE `diputados_redessociales` (
  `id` int(11) NOT NULL AUTO_INCREMENT,
  `nombre` varchar(25) COLLATE utf8mb4_unicode_ci NOT NULL,
  `url` varchar(200) COLLATE utf8mb4_unicode_ci NOT NULL,
  `diputado_id` int(11) NOT NULL,
  PRIMARY KEY (`id`),
  KEY `diputados_redessocia_diputado_id_a7e815c0_fk_diputados` (`diputado_id`),
  CONSTRAINT `diputados_redessocia_diputado_id_a7e815c0_fk_diputados` FOREIGN KEY (`diputado_id`) REFERENCES `diputados_diputado` (`id`)
) ENGINE=InnoDB DEFAULT CHARSET=utf8mb4 COLLATE=utf8mb4_unicode_ci;
/*!40101 SET character_set_client = @saved_cs_client */;

--
-- Dumping data for table `diputados_redessociales`
--

LOCK TABLES `diputados_redessociales` WRITE;
/*!40000 ALTER TABLE `diputados_redessociales` DISABLE KEYS */;
/*!40000 ALTER TABLE `diputados_redessociales` ENABLE KEYS */;
UNLOCK TABLES;

--
-- Table structure for table `diputados_sesion`
--

DROP TABLE IF EXISTS `diputados_sesion`;
/*!40101 SET @saved_cs_client     = @@character_set_client */;
/*!40101 SET character_set_client = utf8 */;
CREATE TABLE `diputados_sesion` (
  `id` int(11) NOT NULL AUTO_INCREMENT,
  `fecha` date NOT NULL,
  `url_acta_sesion` varchar(100) COLLATE utf8mb4_unicode_ci DEFAULT NULL,
  `url_orden_dia` varchar(100) COLLATE utf8mb4_unicode_ci DEFAULT NULL,
  PRIMARY KEY (`id`)
) ENGINE=InnoDB AUTO_INCREMENT=93 DEFAULT CHARSET=utf8mb4 COLLATE=utf8mb4_unicode_ci;
/*!40101 SET character_set_client = @saved_cs_client */;

--
-- Dumping data for table `diputados_sesion`
--

LOCK TABLES `diputados_sesion` WRITE;
/*!40000 ALTER TABLE `diputados_sesion` DISABLE KEYS */;
INSERT INTO `diputados_sesion` VALUES (2,'2018-09-15','',''),(3,'2018-09-17','',''),(4,'2018-09-19','',''),(5,'2018-09-21','',''),(6,'2018-09-24','',''),(7,'2018-09-26','',''),(8,'2018-10-01','',''),(9,'2018-10-03','',''),(10,'2018-10-08','',''),(11,'2018-10-10','',''),(12,'2018-10-14','',''),(13,'2018-10-14','',''),(14,'2018-10-17','',''),(15,'2018-10-24','',''),(16,'2018-10-31','',''),(17,'2018-09-10','',''),(18,'2018-11-05','',''),(19,'2018-11-07','',''),(20,'2018-11-12','',''),(21,'2018-10-29','',''),(22,'2018-11-14','',''),(23,'2018-11-26','',''),(24,'2018-11-29','',''),(25,'2018-12-03','',''),(26,'2018-12-04','',''),(27,'2018-12-05','',''),(28,'2018-12-06','',''),(29,'2018-12-07','',''),(30,'2018-12-14','',''),(31,'2018-12-15','',''),(32,'2018-12-17','',''),(33,'2018-12-19','',''),(34,'2018-12-19','',''),(35,'2018-12-26','',''),(36,'2018-12-27','',''),(37,'2018-12-27','',''),(38,'2018-12-30','',''),(39,'2018-12-31','',''),(40,'2019-01-11','',''),(41,'2019-01-21','',''),(42,'2019-01-21','',''),(43,'2019-01-15','',''),(44,'2019-01-28','',''),(45,'2019-01-23','',''),(46,'2019-01-28','',''),(47,'2019-01-30','',''),(49,'2019-02-06','',''),(50,'2019-02-13','',''),(51,'2019-02-20','',''),(52,'2019-02-27','',''),(53,'2019-03-04','',''),(54,'2019-03-06','',''),(55,'2019-03-15','',''),(56,'2019-03-13','',''),(57,'2019-03-16','',''),(58,'2019-03-20','',''),(59,'2019-03-25','',''),(60,'2019-03-27','',''),(61,'2019-03-04','',''),(62,'2019-03-04','',''),(63,'2019-04-01','',''),(64,'2019-04-03','',''),(65,'2019-04-08','',''),(66,'2019-04-08','',''),(67,'2019-04-08','',''),(68,'2019-04-11','',''),(69,'2019-04-24','',''),(70,'2019-04-29','',''),(71,'2019-05-02','',''),(72,'2019-05-06','',''),(73,'2019-05-13','',''),(74,'2019-05-15','',''),(75,'2019-05-20','',''),(76,'2019-05-27','',''),(77,'2019-06-05','',''),(78,'2019-06-05','',''),(79,'2019-06-19','',''),(80,'2019-06-26','',''),(81,'2019-07-03','',''),(82,'2019-07-10','',''),(83,'2019-07-15','',''),(84,'2019-07-15','',''),(85,'2019-07-16','',''),(86,'2019-07-19','',''),(87,'2019-07-25','',''),(88,'2019-07-26','',''),(89,'2019-07-31','',''),(90,'2019-08-01','',''),(91,'2019-06-19','',''),(92,'2019-07-02','','');
/*!40000 ALTER TABLE `diputados_sesion` ENABLE KEYS */;
UNLOCK TABLES;

--
-- Table structure for table `diputados_sesioncomision`
--

DROP TABLE IF EXISTS `diputados_sesioncomision`;
/*!40101 SET @saved_cs_client     = @@character_set_client */;
/*!40101 SET character_set_client = utf8 */;
CREATE TABLE `diputados_sesioncomision` (
  `sesion_ptr_id` int(11) NOT NULL,
  `url_comunicado` varchar(100) COLLATE utf8mb4_unicode_ci DEFAULT NULL,
  `comision_id` int(11) NOT NULL,
  PRIMARY KEY (`sesion_ptr_id`),
  KEY `diputados_sesioncomi_comision_id_358598f1_fk_diputados` (`comision_id`),
  CONSTRAINT `diputados_sesioncomi_comision_id_358598f1_fk_diputados` FOREIGN KEY (`comision_id`) REFERENCES `diputados_comision` (`id`),
  CONSTRAINT `diputados_sesioncomi_sesion_ptr_id_ec5d2f92_fk_diputados` FOREIGN KEY (`sesion_ptr_id`) REFERENCES `diputados_sesion` (`id`)
) ENGINE=InnoDB DEFAULT CHARSET=utf8mb4 COLLATE=utf8mb4_unicode_ci;
/*!40101 SET character_set_client = @saved_cs_client */;

--
-- Dumping data for table `diputados_sesioncomision`
--

LOCK TABLES `diputados_sesioncomision` WRITE;
/*!40000 ALTER TABLE `diputados_sesioncomision` DISABLE KEYS */;
INSERT INTO `diputados_sesioncomision` VALUES (91,'',1),(92,'',10);
/*!40000 ALTER TABLE `diputados_sesioncomision` ENABLE KEYS */;
UNLOCK TABLES;

--
-- Table structure for table `diputados_sesionpleno`
--

DROP TABLE IF EXISTS `diputados_sesionpleno`;
/*!40101 SET @saved_cs_client     = @@character_set_client */;
/*!40101 SET character_set_client = utf8 */;
CREATE TABLE `diputados_sesionpleno` (
  `sesion_ptr_id` int(11) NOT NULL,
  `tipo` int(11) NOT NULL,
  `url_version_estenografica` varchar(100) COLLATE utf8mb4_unicode_ci DEFAULT NULL,
  PRIMARY KEY (`sesion_ptr_id`),
  CONSTRAINT `diputados_sesionplen_sesion_ptr_id_e2354cc4_fk_diputados` FOREIGN KEY (`sesion_ptr_id`) REFERENCES `diputados_sesion` (`id`)
) ENGINE=InnoDB DEFAULT CHARSET=utf8mb4 COLLATE=utf8mb4_unicode_ci;
/*!40101 SET character_set_client = @saved_cs_client */;

--
-- Dumping data for table `diputados_sesionpleno`
--

LOCK TABLES `diputados_sesionpleno` WRITE;
/*!40000 ALTER TABLE `diputados_sesionpleno` DISABLE KEYS */;
INSERT INTO `diputados_sesionpleno` VALUES (2,4,''),(3,1,''),(4,1,''),(5,1,''),(6,1,''),(7,1,''),(8,1,''),(9,1,''),(10,1,''),(11,1,''),(12,1,''),(13,1,''),(14,1,''),(15,1,''),(16,1,''),(17,0,''),(18,1,''),(19,1,''),(20,1,''),(21,1,''),(22,1,''),(23,1,''),(24,4,''),(25,1,''),(26,1,''),(27,1,''),(28,1,''),(29,1,''),(30,4,''),(31,1,''),(32,3,''),(33,3,''),(34,2,''),(35,3,''),(36,3,''),(37,2,''),(38,3,''),(39,2,''),(40,3,''),(41,1,''),(42,4,''),(43,1,''),(44,1,''),(45,1,''),(46,1,''),(47,1,''),(49,1,''),(50,1,''),(51,1,''),(52,1,''),(53,1,''),(54,1,''),(55,1,''),(56,1,''),(57,3,''),(58,3,''),(59,3,''),(60,3,''),(61,1,''),(62,1,''),(63,3,''),(64,3,''),(65,3,''),(66,3,''),(67,3,''),(68,3,''),(69,3,''),(70,3,''),(71,3,''),(72,3,''),(73,3,''),(74,1,''),(75,1,''),(76,1,''),(77,1,''),(78,1,''),(79,1,''),(80,1,''),(81,1,''),(82,1,''),(83,4,''),(84,1,''),(85,3,''),(86,3,''),(87,3,''),(88,2,''),(89,3,''),(90,4,'');
/*!40000 ALTER TABLE `diputados_sesionpleno` ENABLE KEYS */;
UNLOCK TABLES;

--
-- Table structure for table `diputados_tema`
--

DROP TABLE IF EXISTS `diputados_tema`;
/*!40101 SET @saved_cs_client     = @@character_set_client */;
/*!40101 SET character_set_client = utf8 */;
CREATE TABLE `diputados_tema` (
  `id` int(11) NOT NULL AUTO_INCREMENT,
  `descripcion` longtext COLLATE utf8mb4_unicode_ci NOT NULL,
  `sesion_id` int(11) NOT NULL,
  PRIMARY KEY (`id`),
  KEY `diputados_tema_sesion_id_6104ac38_fk_diputados_sesion_id` (`sesion_id`),
  CONSTRAINT `diputados_tema_sesion_id_6104ac38_fk_diputados_sesion_id` FOREIGN KEY (`sesion_id`) REFERENCES `diputados_sesion` (`id`)
) ENGINE=InnoDB DEFAULT CHARSET=utf8mb4 COLLATE=utf8mb4_unicode_ci;
/*!40101 SET character_set_client = @saved_cs_client */;

--
-- Dumping data for table `diputados_tema`
--

LOCK TABLES `diputados_tema` WRITE;
/*!40000 ALTER TABLE `diputados_tema` DISABLE KEYS */;
/*!40000 ALTER TABLE `diputados_tema` ENABLE KEYS */;
UNLOCK TABLES;

--
-- Table structure for table `diputados_votacion`
--

DROP TABLE IF EXISTS `diputados_votacion`;
/*!40101 SET @saved_cs_client     = @@character_set_client */;
/*!40101 SET character_set_client = utf8 */;
CREATE TABLE `diputados_votacion` (
  `id` int(11) NOT NULL AUTO_INCREMENT,
  `resultado` int(11) NOT NULL,
  `tipo` int(11) NOT NULL,
  `tema_id` int(11) DEFAULT NULL,
  PRIMARY KEY (`id`),
  KEY `diputados_votacion_tema_id_8b83f1b9_fk_diputados_tema_id` (`tema_id`),
  CONSTRAINT `diputados_votacion_tema_id_8b83f1b9_fk_diputados_tema_id` FOREIGN KEY (`tema_id`) REFERENCES `diputados_tema` (`id`)
) ENGINE=InnoDB DEFAULT CHARSET=utf8mb4 COLLATE=utf8mb4_unicode_ci;
/*!40101 SET character_set_client = @saved_cs_client */;

--
-- Dumping data for table `diputados_votacion`
--

LOCK TABLES `diputados_votacion` WRITE;
/*!40000 ALTER TABLE `diputados_votacion` DISABLE KEYS */;
/*!40000 ALTER TABLE `diputados_votacion` ENABLE KEYS */;
UNLOCK TABLES;

--
-- Table structure for table `diputados_votacionsecreta`
--

DROP TABLE IF EXISTS `diputados_votacionsecreta`;
/*!40101 SET @saved_cs_client     = @@character_set_client */;
/*!40101 SET character_set_client = utf8 */;
CREATE TABLE `diputados_votacionsecreta` (
  `votacion_ptr_id` int(11) NOT NULL,
  `votos_favor` int(11) NOT NULL,
  `votos_contra` int(11) NOT NULL,
  `abstenciones` int(11) NOT NULL,
  PRIMARY KEY (`votacion_ptr_id`),
  CONSTRAINT `diputados_votacionse_votacion_ptr_id_62c6aff6_fk_diputados` FOREIGN KEY (`votacion_ptr_id`) REFERENCES `diputados_votacion` (`id`)
) ENGINE=InnoDB DEFAULT CHARSET=utf8mb4 COLLATE=utf8mb4_unicode_ci;
/*!40101 SET character_set_client = @saved_cs_client */;

--
-- Dumping data for table `diputados_votacionsecreta`
--

LOCK TABLES `diputados_votacionsecreta` WRITE;
/*!40000 ALTER TABLE `diputados_votacionsecreta` DISABLE KEYS */;
/*!40000 ALTER TABLE `diputados_votacionsecreta` ENABLE KEYS */;
UNLOCK TABLES;

--
-- Table structure for table `diputados_votodiputado`
--

DROP TABLE IF EXISTS `diputados_votodiputado`;
/*!40101 SET @saved_cs_client     = @@character_set_client */;
/*!40101 SET character_set_client = utf8 */;
CREATE TABLE `diputados_votodiputado` (
  `id` int(11) NOT NULL AUTO_INCREMENT,
  `tipo_voto` int(11) NOT NULL,
  `diputado_id` int(11) NOT NULL,
  `votacion_id` int(11) NOT NULL,
  PRIMARY KEY (`id`),
  KEY `diputados_votodiputa_diputado_id_4c1e6476_fk_diputados` (`diputado_id`),
  KEY `diputados_votodiputa_votacion_id_a2628b6b_fk_diputados` (`votacion_id`),
  CONSTRAINT `diputados_votodiputa_diputado_id_4c1e6476_fk_diputados` FOREIGN KEY (`diputado_id`) REFERENCES `diputados_diputado` (`id`),
  CONSTRAINT `diputados_votodiputa_votacion_id_a2628b6b_fk_diputados` FOREIGN KEY (`votacion_id`) REFERENCES `diputados_votacion` (`id`)
) ENGINE=InnoDB DEFAULT CHARSET=utf8mb4 COLLATE=utf8mb4_unicode_ci;
/*!40101 SET character_set_client = @saved_cs_client */;

--
-- Dumping data for table `diputados_votodiputado`
--

LOCK TABLES `diputados_votodiputado` WRITE;
/*!40000 ALTER TABLE `diputados_votodiputado` DISABLE KEYS */;
/*!40000 ALTER TABLE `diputados_votodiputado` ENABLE KEYS */;
UNLOCK TABLES;

--
-- Table structure for table `django_admin_log`
--

DROP TABLE IF EXISTS `django_admin_log`;
/*!40101 SET @saved_cs_client     = @@character_set_client */;
/*!40101 SET character_set_client = utf8 */;
CREATE TABLE `django_admin_log` (
  `id` int(11) NOT NULL AUTO_INCREMENT,
  `action_time` datetime(6) NOT NULL,
  `object_id` longtext COLLATE utf8mb4_unicode_ci DEFAULT NULL,
  `object_repr` varchar(200) COLLATE utf8mb4_unicode_ci NOT NULL,
  `action_flag` smallint(5) unsigned NOT NULL CHECK (`action_flag` >= 0),
  `change_message` longtext COLLATE utf8mb4_unicode_ci NOT NULL,
  `content_type_id` int(11) DEFAULT NULL,
  `user_id` int(11) NOT NULL,
  PRIMARY KEY (`id`),
  KEY `django_admin_log_content_type_id_c4bce8eb_fk_django_co` (`content_type_id`),
  KEY `django_admin_log_user_id_c564eba6_fk_auth_user_id` (`user_id`),
  CONSTRAINT `django_admin_log_content_type_id_c4bce8eb_fk_django_co` FOREIGN KEY (`content_type_id`) REFERENCES `django_content_type` (`id`),
  CONSTRAINT `django_admin_log_user_id_c564eba6_fk_auth_user_id` FOREIGN KEY (`user_id`) REFERENCES `auth_user` (`id`)
) ENGINE=InnoDB AUTO_INCREMENT=30 DEFAULT CHARSET=utf8mb4 COLLATE=utf8mb4_unicode_ci;
/*!40101 SET character_set_client = @saved_cs_client */;

--
-- Dumping data for table `django_admin_log`
--

LOCK TABLES `django_admin_log` WRITE;
/*!40000 ALTER TABLE `django_admin_log` DISABLE KEYS */;
INSERT INTO `django_admin_log` VALUES (1,'2020-03-02 22:17:48.769486','1','1 Xicotepec de Juárez',2,'[{\"changed\": {\"fields\": [\"Representante\"]}}]',17,1),(2,'2020-03-02 22:17:58.003770','2','2 Huauchinango de Degollado',2,'[{\"changed\": {\"fields\": [\"Representante\"]}}]',17,1),(3,'2020-03-02 22:18:07.870710','3','3 Zacatlán',2,'[{\"changed\": {\"fields\": [\"Representante\"]}}]',17,1),(4,'2020-03-02 22:18:19.863986','4','4 Zacapoaxtla',2,'[{\"changed\": {\"fields\": [\"Representante\"]}}]',17,1),(5,'2020-03-02 22:18:29.461304','5','5 Tlatlauquitepec',2,'[{\"changed\": {\"fields\": [\"Representante\"]}}]',17,1),(6,'2020-03-02 22:18:38.245565','6','6 Teziutlán',2,'[{\"changed\": {\"fields\": [\"Representante\"]}}]',17,1),(7,'2020-03-02 22:18:52.901520','7','7 San Martín Texmelucan de Labastida',2,'[{\"changed\": {\"fields\": [\"Representante\"]}}]',17,1),(8,'2020-03-02 22:18:58.991801','8','8 Huejotzingo',2,'[{\"changed\": {\"fields\": [\"Representante\"]}}]',17,1),(9,'2020-03-02 22:19:09.525965','10','10 Heroica Puebla de Zaragoza',2,'[{\"changed\": {\"fields\": [\"Representante\"]}}]',17,1),(10,'2020-03-02 22:19:18.411096','11','11 Heroica Puebla de Zaragoza',2,'[{\"changed\": {\"fields\": [\"Representante\"]}}]',17,1),(11,'2020-03-02 22:19:36.386280','10','10 Heroica Puebla de Zaragoza',2,'[{\"changed\": {\"fields\": [\"Representante\"]}}]',17,1),(12,'2020-03-02 22:19:44.821554','9','9 Heroica Puebla de Zaragoza',2,'[{\"changed\": {\"fields\": [\"Representante\"]}}]',17,1),(13,'2020-03-02 22:19:58.085386','12','12 Amozoc de Mota',2,'[{\"changed\": {\"fields\": [\"Representante\"]}}]',17,1),(14,'2020-03-02 22:20:05.941913','14','14 Ciudad Serdán',2,'[{\"changed\": {\"fields\": [\"Representante\"]}}]',17,1),(15,'2020-03-02 22:20:14.665608','15','15 Tecamachalco',2,'[{\"changed\": {\"fields\": [\"Representante\"]}}]',17,1),(16,'2020-03-02 22:20:23.397812','13','13 Tepeaca',2,'[{\"changed\": {\"fields\": [\"Representante\"]}}]',17,1),(17,'2020-03-02 22:20:34.579179','16','16 Heroica Puebla de Zaragoza',2,'[{\"changed\": {\"fields\": [\"Representante\"]}}]',17,1),(18,'2020-03-02 22:20:44.676284','17','17 Heroica Puebla de Zaragoza',2,'[{\"changed\": {\"fields\": [\"Representante\"]}}]',17,1),(19,'2020-03-02 22:22:12.791035','18','18 Cholula de Rivadavia',2,'[{\"changed\": {\"fields\": [\"Nombre\", \"Representante\"]}}]',17,1),(20,'2020-03-02 22:22:49.803704','19','19 Heroica Puebla de Zaragoza',2,'[{\"changed\": {\"fields\": [\"Representante\"]}}]',17,1),(21,'2020-03-02 22:22:56.190851','20','20 Heroica Puebla de Zaragoza',2,'[{\"changed\": {\"fields\": [\"Representante\"]}}]',17,1),(22,'2020-03-02 22:23:06.578167','21','21 Atlixco',2,'[{\"changed\": {\"fields\": [\"Representante\"]}}]',17,1),(23,'2020-03-02 22:23:14.506902','22','22 Izúcar de Matamoros',2,'[{\"changed\": {\"fields\": [\"Representante\"]}}]',17,1),(24,'2020-03-02 22:23:27.846645','23','23 Acatlán de Osorio',2,'[{\"changed\": {\"fields\": [\"Representante\"]}}]',17,1),(25,'2020-03-02 22:23:39.531956','24','24 Tehuacán',2,'[{\"changed\": {\"fields\": [\"Representante\"]}}]',17,1),(26,'2020-03-02 22:23:49.767675','25','25 Tehuacán',2,'[{\"changed\": {\"fields\": [\"Representante\"]}}]',17,1),(27,'2020-03-02 22:24:03.690216','26','26 Ajalpan',2,'[{\"changed\": {\"fields\": [\"Representante\"]}}]',17,1),(28,'2020-03-06 19:54:34.589347','91','Comisión de Pueblos Indígenas del 19/06/2019',1,'[{\"added\": {}}, {\"added\": {\"name\": \"asistencia\", \"object\": \"\"}}, {\"added\": {\"name\": \"asistencia\", \"object\": \"\"}}, {\"added\": {\"name\": \"asistencia\", \"object\": \"\"}}, {\"added\": {\"name\": \"asistencia\", \"object\": \"\"}}, {\"added\": {\"name\": \"asistencia\", \"object\": \"\"}}, {\"added\": {\"name\": \"asistencia\", \"object\": \"\"}}, {\"added\": {\"name\": \"asistencia\", \"object\": \"\"}}]',23,1),(29,'2020-03-06 20:39:39.313789','92','Comisión de Desarrollo Rural del 02/07/2019',1,'[{\"added\": {}}, {\"added\": {\"name\": \"asistencia\", \"object\": \"\"}}, {\"added\": {\"name\": \"asistencia\", \"object\": \"\"}}, {\"added\": {\"name\": \"asistencia\", \"object\": \"\"}}, {\"added\": {\"name\": \"asistencia\", \"object\": \"\"}}, {\"added\": {\"name\": \"asistencia\", \"object\": \"\"}}, {\"added\": {\"name\": \"asistencia\", \"object\": \"\"}}, {\"added\": {\"name\": \"asistencia\", \"object\": \"\"}}]',23,1);
/*!40000 ALTER TABLE `django_admin_log` ENABLE KEYS */;
UNLOCK TABLES;

--
-- Table structure for table `django_content_type`
--

DROP TABLE IF EXISTS `django_content_type`;
/*!40101 SET @saved_cs_client     = @@character_set_client */;
/*!40101 SET character_set_client = utf8 */;
CREATE TABLE `django_content_type` (
  `id` int(11) NOT NULL AUTO_INCREMENT,
  `app_label` varchar(100) COLLATE utf8mb4_unicode_ci NOT NULL,
  `model` varchar(100) COLLATE utf8mb4_unicode_ci NOT NULL,
  PRIMARY KEY (`id`),
  UNIQUE KEY `django_content_type_app_label_model_76bd3d3b_uniq` (`app_label`,`model`)
) ENGINE=InnoDB AUTO_INCREMENT=33 DEFAULT CHARSET=utf8mb4 COLLATE=utf8mb4_unicode_ci;
/*!40101 SET character_set_client = @saved_cs_client */;

--
-- Dumping data for table `django_content_type`
--

LOCK TABLES `django_content_type` WRITE;
/*!40000 ALTER TABLE `django_content_type` DISABLE KEYS */;
INSERT INTO `django_content_type` VALUES (27,'admin','logentry'),(29,'auth','group'),(28,'auth','permission'),(30,'auth','user'),(31,'contenttypes','contenttype'),(22,'diputados','asistencia'),(21,'diputados','casagestion'),(1,'diputados','comision'),(20,'diputados','comisiondiputado'),(19,'diputados','cv'),(2,'diputados','diputado'),(10,'diputados','diputadoindependiente'),(3,'diputados','diputadoorganolegislativo'),(18,'diputados','diputadosuplente'),(17,'diputados','distrito'),(4,'diputados','documento'),(26,'diputados','documentocomision'),(25,'diputados','documentodiputado'),(24,'diputados','documentosesion'),(5,'diputados','legislatura'),(16,'diputados','licencia'),(15,'diputados','organolegislativo'),(6,'diputados','partidopolitico'),(14,'diputados','redessociales'),(7,'diputados','sesion'),(23,'diputados','sesioncomision'),(11,'diputados','sesionpleno'),(8,'diputados','tema'),(9,'diputados','votacion'),(12,'diputados','votacionsecreta'),(13,'diputados','votodiputado'),(32,'sessions','session');
/*!40000 ALTER TABLE `django_content_type` ENABLE KEYS */;
UNLOCK TABLES;

--
-- Table structure for table `django_migrations`
--

DROP TABLE IF EXISTS `django_migrations`;
/*!40101 SET @saved_cs_client     = @@character_set_client */;
/*!40101 SET character_set_client = utf8 */;
CREATE TABLE `django_migrations` (
  `id` int(11) NOT NULL AUTO_INCREMENT,
  `app` varchar(255) COLLATE utf8mb4_unicode_ci NOT NULL,
  `name` varchar(255) COLLATE utf8mb4_unicode_ci NOT NULL,
  `applied` datetime(6) NOT NULL,
  PRIMARY KEY (`id`)
) ENGINE=InnoDB AUTO_INCREMENT=20 DEFAULT CHARSET=utf8mb4 COLLATE=utf8mb4_unicode_ci;
/*!40101 SET character_set_client = @saved_cs_client */;

--
-- Dumping data for table `django_migrations`
--

LOCK TABLES `django_migrations` WRITE;
/*!40000 ALTER TABLE `django_migrations` DISABLE KEYS */;
INSERT INTO `django_migrations` VALUES (1,'contenttypes','0001_initial','2020-03-02 21:33:52.970661'),(2,'auth','0001_initial','2020-03-02 21:33:53.119226'),(3,'admin','0001_initial','2020-03-02 21:33:53.469859'),(4,'admin','0002_logentry_remove_auto_add','2020-03-02 21:33:53.575323'),(5,'admin','0003_logentry_add_action_flag_choices','2020-03-02 21:33:53.588057'),(6,'contenttypes','0002_remove_content_type_name','2020-03-02 21:33:53.642086'),(7,'auth','0002_alter_permission_name_max_length','2020-03-02 21:33:53.683113'),(8,'auth','0003_alter_user_email_max_length','2020-03-02 21:33:53.706269'),(9,'auth','0004_alter_user_username_opts','2020-03-02 21:33:53.717009'),(10,'auth','0005_alter_user_last_login_null','2020-03-02 21:33:53.757374'),(11,'auth','0006_require_contenttypes_0002','2020-03-02 21:33:53.761491'),(12,'auth','0007_alter_validators_add_error_messages','2020-03-02 21:33:53.780170'),(13,'auth','0008_alter_user_username_max_length','2020-03-02 21:33:53.802415'),(14,'auth','0009_alter_user_last_name_max_length','2020-03-02 21:33:53.821752'),(15,'auth','0010_alter_group_name_max_length','2020-03-02 21:33:53.833640'),(16,'auth','0011_update_proxy_permissions','2020-03-02 21:33:53.850422'),(17,'diputados','0001_initial','2020-03-02 21:33:54.739480'),(18,'sessions','0001_initial','2020-03-02 21:33:55.791674'),(19,'diputados','0002_auto_20200302_2213','2020-03-02 22:13:29.520014');
/*!40000 ALTER TABLE `django_migrations` ENABLE KEYS */;
UNLOCK TABLES;

--
-- Table structure for table `django_session`
--

DROP TABLE IF EXISTS `django_session`;
/*!40101 SET @saved_cs_client     = @@character_set_client */;
/*!40101 SET character_set_client = utf8 */;
CREATE TABLE `django_session` (
  `session_key` varchar(40) COLLATE utf8mb4_unicode_ci NOT NULL,
  `session_data` longtext COLLATE utf8mb4_unicode_ci NOT NULL,
  `expire_date` datetime(6) NOT NULL,
  PRIMARY KEY (`session_key`),
  KEY `django_session_expire_date_a5c62663` (`expire_date`)
) ENGINE=InnoDB DEFAULT CHARSET=utf8mb4 COLLATE=utf8mb4_unicode_ci;
/*!40101 SET character_set_client = @saved_cs_client */;

--
-- Dumping data for table `django_session`
--

LOCK TABLES `django_session` WRITE;
/*!40000 ALTER TABLE `django_session` DISABLE KEYS */;
INSERT INTO `django_session` VALUES ('rnez5ws8dvfpdazwj89qp5m5gsxno1ob','ZmIxMjRjNzE2MzAzN2E1ZDI0NjNmNWVlYzBkMzMxN2UyMTk2YTA5Yjp7Il9hdXRoX3VzZXJfaWQiOiIxIiwiX2F1dGhfdXNlcl9iYWNrZW5kIjoiZGphbmdvLmNvbnRyaWIuYXV0aC5iYWNrZW5kcy5Nb2RlbEJhY2tlbmQiLCJfYXV0aF91c2VyX2hhc2giOiJjYWJhMGI4Njg2M2QwYTI1NmFlNzJlOTRmMmY1NGQ0NzMyZGMxYzZkIn0=','2020-03-16 21:35:34.698369');
/*!40000 ALTER TABLE `django_session` ENABLE KEYS */;
UNLOCK TABLES;
/*!40103 SET TIME_ZONE=@OLD_TIME_ZONE */;

/*!40101 SET SQL_MODE=@OLD_SQL_MODE */;
/*!40014 SET FOREIGN_KEY_CHECKS=@OLD_FOREIGN_KEY_CHECKS */;
/*!40014 SET UNIQUE_CHECKS=@OLD_UNIQUE_CHECKS */;
/*!40101 SET CHARACTER_SET_CLIENT=@OLD_CHARACTER_SET_CLIENT */;
/*!40101 SET CHARACTER_SET_RESULTS=@OLD_CHARACTER_SET_RESULTS */;
/*!40101 SET COLLATION_CONNECTION=@OLD_COLLATION_CONNECTION */;
/*!40111 SET SQL_NOTES=@OLD_SQL_NOTES */;

-- Dump completed on 2020-03-10 15:49:55
